0,FA frontal pole,FA insular cortex,FA superior frontal gyrus,FA middle frontal gyrus,"FA inferior frontal gyrus, pars triangularis","FA inferior frontal gyrus, pars opercularis",FA precentral gyrus,FA temporal pole,"FA superior temporal gyrus, anterior division","FA superior temporal gyrus, posterior division","FA middle temporal gyrus, anterior division","FA middle temporal gyrus, posterior division","FA middle temporal gyrus, temporooccipital part","FA inferior temporal gyrus, anterior division","FA inferior temporal gyrus, posterior division","FA inferior temporal gyrus, temporooccipital part",FA postcentral gyrus,FA superior parietal lobule,"FA supramarginal gyrus, anterior division","FA supramarginal gyrus, posterior division",FA angular gyrus,"FA lateral occipital cortex, superior division","FA lateral occipital cortex, inferior division",FA intracalcarine cortex,FA frontal medial cortex,FA juxtapositional lobule cortex,FA subcallosal cortex,FA paracingulate gyrus,"FA cingulate gyrus, anterior division","FA cingulate gyrus, posterior division",FA precuneous cortex,FA cuneal cortex,FA frontal orbital cortex,"FA parahippocampal gyrus, anterior division","FA parahippocampal gyrus, posterior division",FA lingual gyrus,"FA temporal fusiform cortex, anterior division","FA temporal fusiform cortex, posterior division",FA temporal occipital fusiform cortex,FA occipital fusiform gyrus,FA frontal operculum cortex,FA central opercular cortex,FA parietal operculum cortex,FA planum polare,FA heschls gyrus,FA planum temporale,FA supracalcarine cortex,FA occipital pole,0,AD frontal pole,AD insular cortex,AD superior frontal gyrus,AD middle frontal gyrus,"AD inferior frontal gyrus, pars triangularis","AD inferior frontal gyrus, pars opercularis",AD precentral gyrus,AD temporal pole,"AD superior temporal gyrus, anterior division","AD superior temporal gyrus, posterior division","AD middle temporal gyrus, anterior division","AD middle temporal gyrus, posterior division","AD middle temporal gyrus, temporooccipital part","AD inferior temporal gyrus, anterior division","AD inferior temporal gyrus, posterior division","AD inferior temporal gyrus, temporooccipital part",AD postcentral gyrus,AD superior parietal lobule,"AD supramarginal gyrus, anterior division","AD supramarginal gyrus, posterior division",AD angular gyrus,"AD lateral occipital cortex, superior division","AD lateral occipital cortex, inferior division",AD intracalcarine cortex,AD frontal medial cortex,AD juxtapositional lobule cortex,AD subcallosal cortex,AD paracingulate gyrus,"AD cingulate gyrus, anterior division","AD cingulate gyrus, posterior division",AD precuneous cortex,AD cuneal cortex,AD frontal orbital cortex,"AD parahippocampal gyrus, anterior division","AD parahippocampal gyrus, posterior division",AD lingual gyrus,"AD temporal fusiform cortex, anterior division","AD temporal fusiform cortex, posterior division",AD temporal occipital fusiform cortex,AD occipital fusiform gyrus,AD frontal operculum cortex,AD central opercular cortex,AD parietal operculum cortex,AD planum polare,AD heschls gyrus,AD planum temporale,AD supracalcarine cortex,AD occipital pole,0,RD frontal pole,RD insular cortex,RD superior frontal gyrus,RD middle frontal gyrus,"RD inferior frontal gyrus, pars triangularis","RD inferior frontal gyrus, pars opercularis",RD precentral gyrus,RD temporal pole,"RD superior temporal gyrus, anterior division","RD superior temporal gyrus, posterior division","RD middle temporal gyrus, anterior division","RD middle temporal gyrus, posterior division","RD middle temporal gyrus, temporooccipital part","RD inferior temporal gyrus, anterior division","RD inferior temporal gyrus, posterior division","RD inferior temporal gyrus, temporooccipital part",RD postcentral gyrus,RD superior parietal lobule,"RD supramarginal gyrus, anterior division","RD supramarginal gyrus, posterior division",RD angular gyrus,"RD lateral occipital cortex, superior division","RD lateral occipital cortex, inferior division",RD intracalcarine cortex,RD frontal medial cortex,RD juxtapositional lobule cortex,RD subcallosal cortex,RD paracingulate gyrus,"RD cingulate gyrus, anterior division","RD cingulate gyrus, posterior division",RD precuneous cortex,RD cuneal cortex,RD frontal orbital cortex,"RD parahippocampal gyrus, anterior division","RD parahippocampal gyrus, posterior division",RD lingual gyrus,"RD temporal fusiform cortex, anterior division","RD temporal fusiform cortex, posterior division",RD temporal occipital fusiform cortex,RD occipital fusiform gyrus,RD frontal operculum cortex,RD central opercular cortex,RD parietal operculum cortex,RD planum polare,RD heschls gyrus,RD planum temporale,RD supracalcarine cortex,RD occipital pole,0,MD frontal pole,MD insular cortex,MD superior frontal gyrus,MD middle frontal gyrus,"MD inferior frontal gyrus, pars triangularis","MD inferior frontal gyrus, pars opercularis",MD precentral gyrus,MD temporal pole,"MD superior temporal gyrus, anterior division","MD superior temporal gyrus, posterior division","MD middle temporal gyrus, anterior division","MD middle temporal gyrus, posterior division","MD middle temporal gyrus, temporooccipital part","MD inferior temporal gyrus, anterior division","MD inferior temporal gyrus, posterior division","MD inferior temporal gyrus, temporooccipital part",MD postcentral gyrus,MD superior parietal lobule,"MD supramarginal gyrus, anterior division","MD supramarginal gyrus, posterior division",MD angular gyrus,"MD lateral occipital cortex, superior division","MD lateral occipital cortex, inferior division",MD intracalcarine cortex,MD frontal medial cortex,MD juxtapositional lobule cortex,MD subcallosal cortex,MD paracingulate gyrus,"MD cingulate gyrus, anterior division","MD cingulate gyrus, posterior division",MD precuneous cortex,MD cuneal cortex,MD frontal orbital cortex,"MD parahippocampal gyrus, anterior division","MD parahippocampal gyrus, posterior division",MD lingual gyrus,"MD temporal fusiform cortex, anterior division","MD temporal fusiform cortex, posterior division",MD temporal occipital fusiform cortex,MD occipital fusiform gyrus,MD frontal operculum cortex,MD central opercular cortex,MD parietal operculum cortex,MD planum polare,MD heschls gyrus,MD planum temporale,MD supracalcarine cortex,MD occipital pole
0,0.182629153,0.162115455,0.176321849,0.189765155,0.204218879,0.19519636,0.170737892,0.171154842,0.131511599,nan,0.180846334,0.171907455,0.133855864,0.150524527,0.210410967,0.198981345,0.152377903,0.147476733,0.161079139,0.133259684,0.137859389,0.133035839,0.126388416,0.094519764,0.138813362,0.150491565,0.149764478,0.151562467,0.154551759,0.126865849,0.137003928,0.117938794,0.183481216,0.175398484,0.189121008,0.119323872,0.186046138,0.194316283,0.143647999,0.128123164,0.134655476,0.137527063,0.12984401,0.131220013,0.132217824,0.118728772,0.091431044,0.129268736,0,1063.833618,1021.228638,1052.400879,1022.775757,1003.018066,1026.371094,1053.208862,1210.661011,1101.019409,nan,1072.978516,1041.240845,978.4207153,1061.554688,1090.077148,1010.800964,1049.297119,1019.081421,1014.654175,990.2045898,989.1752319,1041.630615,1044.227417,1049.906494,1111.414795,1050.794922,1089.888428,1054.876221,1077.879395,1104.543457,1005.968872,1127.128418,1115.405762,1245.647949,1143.25415,1094.362915,1159.219604,1065.821411,1025.788086,1075.1427,1031.970215,1003.359131,1041.605591,1099.395996,1078.841675,1003.547119,1248.82312,1059.194092,0,830.7521362,830.5584717,836.1991577,807.6942139,821.7510986,803.4495239,851.7567139,911.6196899,948.0610352,nan,840.1975708,813.861084,839.8917847,870.1829834,814.4700928,747.9403076,871.2248535,883.2832031,846.9937744,842.2774048,817.3342896,874.6387939,902.5614014,920.7824707,883.1200562,865.2429199,852.2612915,825.0826416,866.8842773,845.1932373,838.4354248,977.3422852,832.2984009,907.5784912,739.5869751,872.3510742,894.140625,805.4838867,789.8409424,829.6490479,835.4334717,845.8654785,859.1704102,793.795166,838.286499,849.5795898,1045.424316,888.0531616,0,901.0153809,887.9005737,888.7709961,863.2169189,869.5245361,859.5733032,915.6169434,1019.808411,972.744751,nan,916.2688599,882.7259521,880.7786865,933.7804565,891.644043,833.2232056,928.5130005,927.0849609,898.5117188,893.9992065,870.6107788,924.8135986,950.8724976,980.9787598,955.5541992,943.4794312,934.2705078,902.2441406,953.7470703,909.5698853,892.8742676,1029.869629,927.6082153,1018.270996,846.3179321,937.2675171,967.9387207,885.1758423,858.0759277,903.8744507,918.9380493,906.5036621,945.7426758,897.2684937,890.642334,899.0534668,1075.036743,941.3468628
0,0.149992883,0.139602363,0.147698283,0.161290437,0.119214445,0.130385995,0.153667316,0.137529776,0.114240214,nan,0.137985975,0.132188767,0.122923531,0.129832119,0.186283916,0.150720507,0.133436903,0.146000326,0.140580609,0.130196646,0.117640749,0.120918028,0.118411809,0.104260392,0.129746616,0.103127167,0.158445239,0.125851378,0.124602899,0.117438935,0.109356239,0.11784701,0.152008757,0.15598236,0.163364902,0.123862356,0.13006036,0.156266809,0.125260323,0.128999069,0.10994143,0.109641239,0.112242594,0.133078158,0.116978824,0.127459735,0.07678742,0.118296303,0,1110.172485,1110.230225,1156.168945,1097.082397,1092.852417,1122.794312,1158.194824,1147.20752,1102.876587,nan,1050.232056,1054.388184,1040.56665,1052.265381,1134.286133,1050.232422,1162.926758,1159.465698,1084.301147,1055.105957,1038.083618,1085.293579,1040.716431,1033.966187,1107.178955,1349.669067,1090.312256,1071.245972,1149.820679,1132.055298,1063.823242,1073.382813,1085.725708,1192.31897,1436.535889,1168.994507,1031.282837,1136.202026,1084.089233,1018.56189,1121.656128,1070.171021,1106.26709,1135.612427,1137.273804,1046.470825,914.6472168,1057.600098,0,901.9569702,909.2425537,1017.830322,935.5928345,929.3396606,960.406189,966.1311035,970.1105957,852.9923706,nan,889.6480713,877.1447754,887.0369263,886.3095703,863.5770264,856.3425293,1018.359741,947.5234985,958.8165283,915.6067505,894.7406006,921.6243896,870.1086426,874.6938477,853.0251465,1316.45459,839.4407959,850.6166992,936.2599487,956.6439209,871.8175049,787.1206055,836.9086914,872.2376099,896.2731934,850.6264038,842.0253906,905.7570801,861.5446777,826.6386719,804.0773315,828.0080566,855.5180664,1119.494629,934.4765625,930.1657715,732.2714233,876.5782471,0,957.5626221,973.1714478,1084.167725,969.1930542,977.2771606,978.8216553,1009.584656,1024.984741,909.4216309,nan,936.1674805,925.5217896,936.0849609,929.1315918,936.7436523,908.7887573,1037.442261,1000.034668,949.7128906,941.0374146,928.0509033,964.7651367,921.6776733,962.5291138,963.1223755,1336.556885,948.2797852,954.6938477,1043.518433,994.8720703,994.420166,956.9557495,906.3901367,957.5358887,976.0136719,936.1411133,904.3219604,991.0101929,947.0855713,926.5717773,972.4091797,955.4524536,961.5592651,1237.052979,957.5678711,903.4569092,1391.294189,928.7318115
0,0.189994052,0.145418286,0.198887795,0.194969207,0.18456994,0.161069438,0.214283556,0.182434067,0.146659911,nan,0.186176091,0.18401961,0.152718738,0.237924993,0.259741038,0.183181912,0.181906238,0.169461578,0.159535751,0.21026361,0.166164443,0.14702481,0.15581727,0.114404961,0.153547943,0.144068375,0.173248857,0.157645613,0.156352445,0.136508554,0.16994442,0.164302856,0.204297841,0.176549852,0.159913957,0.124938972,0.20294331,0.194439948,0.161997437,0.153747186,0.146705315,0.135677248,0.140592352,0.127442315,0.138758183,0.150054365,0.089638427,0.157312199,0,1171.589722,1050.29541,1113.604736,1096.566284,1081.21106,1038.869873,1088.524414,1155.0625,1029.048584,nan,1105.458008,1079.662842,1064.023682,1073.941406,1125.430664,1035.029419,1177.287354,1199.31189,1160.825195,1016.055908,1052.202637,1076.69751,1067.644653,1063.128662,1238.373657,1155.917725,1198.13208,1081.855591,1108.9021,1067.342651,1120.08252,1127.529175,1143.654907,1959.556641,1331.24646,1087.800781,1127.705688,1163.716187,1051.523682,1042.993896,1129.965088,1087.709229,1202.181641,1237.807983,1050.338867,1038.893066,1384.058105,1105.605957,0,952.2053223,941.9212036,911.0837402,926.7792969,905.2319336,833.8031006,856.8552856,870.0839844,817.9745483,nan,866.9034424,854.9769897,938.6815186,858.7722168,809.1016846,799.5600586,989.4669189,1000.009277,1048.98999,876.6953125,809.3834229,925.37146,921.8621826,897.2698975,972.4533691,784.0568848,900.3546143,778.8012695,795.0700073,896.664856,890.5489502,714.8063965,873.7501221,941.5222168,839.1784668,888.1881104,866.6201172,885.918396,787.1345215,770.0963745,833.8452759,816.7668457,969.8258057,917.6589355,929.8974609,969.5383301,751.9554443,936.7227783,0,1018.48584,1007.229065,936.9032593,960.5527344,958.5195313,880.9836426,913.0442505,951.3685303,892.4319458,nan,930.5966797,921.3595581,976.0098267,913.1038208,901.0223999,886.8527832,1040.197266,996.2773438,1156.018555,899.5482178,867.3395996,973.2019043,952.524292,971.7799072,1057.072998,768.2194214,967.1291504,836.2663574,801.7581787,966.7167969,978.1968384,934.0164795,969.7816772,1124.647583,958.2983398,970.5773315,950.2404785,984.7374878,890.1567993,886.1912231,1013.356262,968.6654663,1093.630005,999.7272339,1043.75,921.260437,1287.042603,980.4848633
0,0.158221915,0.160363838,0.168763936,0.181356639,0.181299657,0.15437603,0.18238689,0.139619902,0.132925481,nan,0.137460575,0.151295513,0.137614906,0.16231665,0.162226602,0.14468053,0.171233892,0.1656349,0.177170262,0.134498164,0.125068322,0.126470372,0.127127856,0.10441865,0.132299751,0.131273702,0.163272396,0.136441469,0.139894634,0.135210827,0.116485335,0.14637278,0.156856924,0.164235562,0.167050898,0.118021384,0.161478072,0.137614623,0.138276979,0.141271681,0.129547477,0.12488395,0.114413947,0.108533084,0.110270187,0.120096698,0.078219444,0.142608806,0,1123.978271,1088.237305,1176.38623,1121.051147,1080.401367,1133.305298,1147.244263,1112.198975,1033.67981,nan,1029.933594,1042.595947,1053.281128,1026.734863,1053.795532,1000.519348,1139.404907,1183.162231,1049.715454,1110.555176,1063.647461,1102.815674,1054.763184,1046.87085,1079.593628,1118.760498,1095.322021,1094.189697,1149.640503,1048.125122,1065.614502,1290.241211,1114.743896,1348.707764,1096.922852,1058.969238,1038.560913,1072.401978,1012.453064,1034.254639,1067.383301,1072.316406,1032.422119,1135.873535,1124.49939,1076.868042,1009.251587,1117.209351,0,904.3066406,824.3723145,942.0133057,973.644043,915.0546875,983.1010742,939.7153931,891.4741211,905.269104,nan,859.8101807,829.0733643,855.0943604,808.0213623,847.2979736,973.9318848,986.7686768,1115.270508,891.8459473,906.5950928,883.7505493,919.3674316,888.9750366,826.7032471,777.729126,762.4468994,788.8428345,729.0386353,672.1326904,807.480835,868.8656006,792.2647705,881.6113892,1098.249512,949.65625,720.4638062,820.3397217,834.6713867,655.0597534,756.3776855,829.163269,858.7008057,811.9150391,803.0095215,725.8848267,824.3419189,905.1021729,886.0006714,0,952.5046387,818.7039185,991.4284668,972.8538818,943.2842407,930.6254883,953.8162842,960.3493652,891.6220703,nan,898.5964355,892.215332,908.4124756,877.2946167,909.8425293,995.9695435,981.5858765,1061.379028,919.4765625,967.8414917,923.5369263,972.4238281,932.3540039,907.9365234,873.7550049,852.8740234,878.3713379,842.9128418,827.8286133,851.7057495,956.9940796,906.0900879,947.2107544,1416.042969,1109.637573,821.7231445,884.6563721,942.897583,748.4347534,834.3622437,868.5029297,825.0692139,835.7952881,898.0454102,829.5,848.3439331,887.6238403,950.0130005
0,0.163026914,0.172310978,0.174242526,0.185523808,0.196507469,0.162024617,0.187187493,0.135638967,0.157387346,nan,0.136650756,0.159785643,0.164077371,0.138437137,0.210431755,0.166246682,0.17730467,0.183077186,0.157793939,0.154074326,0.151318461,0.156505227,0.156744599,0.140164346,0.123605296,0.129904956,0.160181209,0.138247803,0.138542071,0.142321959,0.131066054,0.115513206,0.174435765,0.16227442,0.206571758,0.137369066,0.144491628,0.166392207,0.155559734,0.168487608,0.135904014,0.131795675,0.142933384,0.14033632,0.149016216,0.169750825,0.099235654,0.165430963,0,1109.200439,1075.901855,1164.271484,1074.56311,1053.929443,1047.964111,1069.334717,1115.831421,1001.133728,nan,1004.30957,1028.136841,1025.494019,1012.570435,1065.520752,978.7462158,1058.748779,1075.37793,1021.348755,997.7150879,1003.83606,1036.075806,1011.827271,1045.052734,1075.873047,1133.631104,1099.697998,1067.709961,1089.539917,1018.738403,1030.656494,1057.092651,1162.617432,1113.833374,1133.137207,1105.918091,991.9049072,1035.801025,1001.481262,960.2987061,1000.908325,994.4921265,1003.674622,1171.768311,1095.935425,1123.459351,1195.743164,1012.57782,0,902.3919678,860.7060547,931.2033081,867.0721436,869.5050049,868.2205811,850.7194824,902.7536621,845.9521484,nan,843.7694092,825.0531006,837.0418701,865.3397217,813.8167725,778.3677368,855.5336914,877.927063,854.8807373,797.9459839,823.661377,857.5021973,843.7483521,855.0140991,893.5878906,886.1359253,888.3265991,795.3172607,879.4728394,840.4129639,838.4782715,734.8829956,905.6855469,839.5029907,741.1709595,812.6588745,767.6210938,778.7111816,776.9077759,749.8881836,816.9718018,864.9796143,852.0734863,795.4104004,864.6213989,832.9606934,750.795166,824.9746094,0,961.4658203,949.399292,989.020874,919.3264771,920.060791,919.8730469,919.9419556,955.2644653,926.0770874,nan,890.3239746,882.4390869,886.1445313,904.3847656,896.4877319,836.177002,914.625061,944.4718628,896.7401123,859.8571777,870.399292,896.1898804,885.7261353,939.4267578,956.1057129,1017.892578,975.7288208,904.9152222,980.555481,935.0236816,928.8209229,854.4887695,1033.198608,898.0256348,826.4514771,905.9960938,839.2120972,850.7946167,849.6004028,826.5935059,877.5178223,929.6865845,931.9853516,853.8922119,916.9140015,882.1084595,854.0029907,873.3008423
0,0.139910191,0.139668122,0.169407919,0.169711217,0.152291059,0.153197989,0.155609354,0.128489524,0.128450155,nan,0.150868028,0.138233215,0.13760519,0.123494908,0.16813156,0.122967832,0.137405246,0.115131803,0.140028358,0.130012959,0.143965662,0.128626972,0.126575261,0.100955717,0.128852099,0.155975088,0.1325804,0.120306075,0.13145569,0.129059896,0.12023893,0.119641267,0.15489842,0.135145769,0.147287712,0.11864537,0.128486916,0.139392972,0.124116421,0.120975308,0.125077248,0.121954277,0.108403906,0.123834409,0.115516335,0.129527614,0.074789159,0.127269834,0,1186.986206,1104.077393,1248.796753,1151.655762,1064.750977,1184.654297,1167.912598,1291.734619,1117.736206,nan,1073.460693,1079.253662,1071.644531,1036.059082,1102.556763,1151.014404,1176.510742,1202.8302,1138.046021,1206.014038,1090.547119,1139.850952,1095.075439,1141.381836,1202.935791,1180.966675,1169.429688,1116.490234,1146.355957,1162.833862,1098.963135,1246.482788,1200.522217,2007.79834,1925.649414,1177.32373,1070.762817,1241.630371,1053.637573,1128.794922,1202.15271,1159.880249,1114.067139,1153.743774,1115.709229,1076.150024,1377.079346,1120.545166,0,996.6337891,967.6549072,1105.029053,940.4433594,906.3677979,950.90802,1004.762451,989.1011963,968.9082642,nan,883.1201172,886.7407227,891.0093384,873.6314697,879.5568848,909.526062,1025.786011,1117.218018,1023.998047,1100.639038,877.3901367,966.96521,915.1445923,979.0891113,969.7453613,985.2163696,963.8265381,921.12146,977.4230957,945.1896973,927.8128052,1229.464966,971.7241821,1492.018555,1031.464111,922.2009277,871.5377197,1002.98999,894.8034668,861.4016113,943.4099121,997.9543457,994.4846802,849.2769165,977.2281494,836.3959961,1205.956055,954.4401245,0,1055.259644,1051.260254,1168.900635,1009.22821,950.5306396,1014.85376,1071.731323,1092.357788,984.4353027,nan,928.0629272,932.9693604,953.958252,909.4782104,948.5708618,1089.830444,1081.051514,1135.251099,1073.606445,1138.401855,932.1571655,1014.129272,965.7453003,1027.516113,1049.975586,1028.447266,1026.439453,982.2074585,1047.897217,1025.06311,991.5722046,1298.731812,1061.716919,1670.889038,1147.888428,993.5230713,902.2369995,1085.353882,968.6029663,947.3720703,1001.005127,1084.248901,1019.610413,903.1026001,976.6506958,904.5986328,1282.480713,1018.172241
0,0.17659831,0.143792629,0.184090734,0.235877916,0.174695998,0.174841017,0.201797083,0.149076745,0.158384427,nan,0.155099273,0.150524229,0.142361343,0.106792994,0.225828469,0.157538638,0.155172855,0.170469031,0.204800695,0.169480368,0.181784451,0.141051516,0.134136975,0.126837879,0.123907492,0.127488807,0.175176471,0.143577859,0.13342157,0.120202199,0.120176122,0.144339919,0.166168854,0.14628689,0.169534385,0.125298873,0.168150395,0.174071625,0.140268236,0.174031392,0.124128155,0.123444147,0.120527901,0.133147836,0.105063908,0.141370609,0.076081537,0.14253372,0,1198.125244,1025.475708,1545.340698,1098.624756,1071.306519,1076.023682,1189.645264,1198.694824,1064.150024,nan,1048.852417,1038.638428,1015.912476,1056.658936,1094.53064,1021.865173,1189.806396,1385.996704,1054.57251,1030.829956,992.8261719,1076.837036,1050.386475,1142.424561,1177.620972,1421.101074,1094.027832,1121.521118,1227.733765,1088.063721,1089.572388,1367.295166,1043.910522,1530.432129,1397.29834,1173.116699,1079.188354,1157.498901,1020.153687,1002.006958,1053.972412,992.6228027,941.7745361,1171.832642,996.0736084,1045.842285,1376.958618,1108.938721,0,1005.095215,815.0811768,1592.546631,937.6517334,923.0380859,862.4337158,1021.191833,986.0725098,944.0249023,nan,896.1257324,872.9974365,884.3795166,911.4165649,819.243042,777.7243652,1040.358643,1367.525635,951.140625,1007.02887,844.8530884,958.1491089,919.800354,953.0609741,973.2721558,1191.453369,894.1503906,868.7930908,1014.84314,940.4534912,936.887085,975.0639648,812.3215332,818.9954834,770.3270264,878.4298096,822.8986816,777.1102295,769.6611328,734.7248535,627.593811,749.4852905,794.0667114,970.6777344,984.8248291,911.7036133,794.8081055,962.5837402,0,1076.146118,884.0789795,1544.384155,972.4883423,958.8331299,944.5480957,1073.713867,1074.026855,959.090332,nan,931.6826172,917.1025391,916.9560547,964.7409668,910.6376343,851.0856934,1065.878174,1337.481079,993.1764526,994.5661011,878.5178223,994.2947998,937.7008667,1046.170288,1042.237793,1319.059814,994.1794434,930.3721313,1097.696533,1027.567383,1005.357544,1220.44397,871.7519531,986.869751,916.369751,947.3789063,906.7613525,884.3952026,847.7693481,831.3723755,747.9431152,810.0600586,844.9760132,1125.312988,998.802063,925.5695801,1059.285522,1002.187744
0,0.163787514,0.161214471,0.181667328,0.188298792,0.160545647,0.159906462,0.189075872,0.14191322,0.133619651,nan,0.170033187,0.161986202,0.147521406,0.140630692,0.227328897,0.146561161,0.178627059,0.143212229,0.145189226,0.160254195,0.155695662,0.134791851,0.136867166,0.10245461,0.119850196,0.154231161,0.149343312,0.146702379,0.132846132,0.140325457,0.140779585,0.151319966,0.161565885,0.151118144,0.148614824,0.126491889,0.175335169,0.174950734,0.135878712,0.145247728,0.136245102,0.13476494,0.134474486,0.147248283,0.135249317,0.115424283,0.050810069,0.139368981,0,1089.776245,1074.216309,1078.100098,1054.32666,1057.253784,1035.52771,1057.914307,1126.451416,1032.473877,nan,1038.285889,1045.946045,1013.703247,1044.141479,1074.513672,985.3394165,1109.477783,1093.024658,1067.628662,1021.500916,1033.803345,1052.961914,1024.333618,1062.365479,1101.299072,1095.986572,1086.716309,1068.99585,1123.751221,1038.842773,1030.749023,1138.017578,1068.272949,1589.195313,1414.30481,1060.069702,1034.02832,1093.773315,1025.989136,1008.176941,1038.834717,1038.687744,1041.205688,1121.207642,1072.870972,1054.995605,1297.953247,1004.942139,0,861.4244385,815.4036865,814.6624756,825.9431763,954.0140381,901.0185547,820.3966675,887.2224121,863.1863403,nan,843.1196289,830.2859497,823.9354858,891.2698364,788.0344238,800.8096924,910.602356,984.6569824,861.1055908,853.4511719,814.5560913,860.2025757,844.6665649,696.7237549,789.1055908,726.006958,771.4291992,686.7855225,618.7189941,653.8875732,750.6506348,841.3717041,915.3461914,1087.640015,764.6154175,756.1678467,842.6271973,832.50354,687.9862671,749.0065918,870.7044678,859.041626,852.8032227,761.5043335,769.3339844,642.2329102,617.463501,833.6270142,0,923.6162109,896.2595825,877.1968994,869.5724487,1008.73114,972.0640259,885.1633301,951.2634277,941.0741577,nan,899.6426392,885.5831299,872.3621216,938.1699219,877.8675537,862.2327881,944.9529419,969.8251953,888.189209,907.567688,871.3284302,903.119751,891.3195801,951.3634033,891.8857422,819.3087769,860.8100586,826.1072388,806.9085083,796.3504639,836.5869141,875.5686035,984.9274902,1221.809204,1014.004883,828.9963379,895.2745361,952.9976196,810.8043213,850.0245361,879.2022705,906.9414673,866.2523193,856.9006348,814.4660645,799.9318237,771.7172852,882.1415405
0,0.156421423,0.201154649,0.160128295,0.172414586,0.170428023,0.171259969,0.17364265,0.156993076,0.186769515,nan,0.169058576,0.148239702,0.143035308,0.141420335,0.185513228,0.141727805,0.161287352,0.133124307,0.138845325,0.14830026,0.150082484,0.138822138,0.140530914,0.123891085,0.124120295,0.139243722,0.195411503,0.1389139,0.129368693,0.133766904,0.121138483,0.140474379,0.179203764,0.159587681,0.169197649,0.138432309,0.175507843,0.16252768,0.160810024,0.133194745,0.138959885,0.138468564,0.130275249,0.153804243,0.142100543,0.146373987,0.129954383,0.140640557,0,1142.218506,1085.419312,1102.552979,1076.458252,1073.621948,1075.711914,1092.319214,1318.018188,1033.368408,nan,1060.731689,1023.137634,1017.263367,1040.054932,1202.377441,1049.270508,1114.226563,1093.461792,1059.159058,1013.525269,1029.488892,1046.536255,1032.145264,1042.938721,1168.86792,1082.491211,1134.552124,1113.369141,1149.284424,1030.779297,1018.906494,1077.049683,1158.769043,1928.829834,1377.929688,1050.889404,1184.523682,1193.323608,949.4472046,1010.431946,1020.139954,1027.525146,1054.715088,1213.965088,1119.019043,1022.371826,1157.793457,1088.418457,0,939.4422607,856.6628418,880.9989624,867.920166,892.0764771,885.5610352,876.0166016,946.1619263,980.7851563,nan,832.8399048,822.7575073,824.7044678,883.6792603,940.3640137,868.0264282,891.1060791,939.5028076,871.192627,844.8476563,829.1497803,854.1447754,844.1975098,859.3967285,961.6787109,864.5142212,866.3180542,877.7606201,922.5827026,843.1223145,860.5296631,894.765564,916.0463867,1379.906616,918.7161865,871.359314,870.0480957,851.4364014,778.0222168,813.2097778,844.7043457,879.5825195,867.0994263,812.494812,832.9926758,811.2938232,969.7034912,888.1806641,0,997.2219849,929.9967651,948.7802734,922.1680908,950.9524536,936.7290039,932.3374634,1046.277344,1033.739258,nan,902.6775513,881.5251465,883.2080688,936.0305176,1063.52002,933.8188477,956.1931763,981.6687622,921.8132935,889.2058716,887.1425781,909.4833374,900.2175903,916.2458496,1029.154419,960.9058838,968.2369385,950.4494019,1014.974182,914.8886719,914.319519,972.1960449,1005.504395,1640.658813,1084.514648,949.8777466,994.1818848,983.4154663,812.6022339,894.3515015,897.803894,941.9470215,947.3307495,907.8522949,891.4984131,864.328125,1046.384521,950.220459
0,0.159286141,0.166008025,0.153628886,0.185398161,0.174788043,0.197309971,0.150954381,0.151483744,0.163685158,nan,0.136531457,0.156141788,0.136910677,0.156400859,0.214621022,0.158902019,0.143997639,0.136435568,0.149826229,0.158409014,0.1495924,0.129050583,0.132375836,0.095066674,0.140818715,0.13261418,0.156053856,0.143461689,0.132231027,0.120977223,0.123855308,0.126684666,0.162871763,0.166835859,0.157028288,0.120730028,0.176742464,0.174404323,0.137973502,0.140575349,0.17358385,0.115057394,0.116531529,0.145434529,0.130309507,0.143204555,0.064421758,0.135240346,0,1079.77478,1033.093262,1145.913086,1068.667236,1044.672729,1078.533203,1049.548218,1180.245972,1035.932129,nan,1127.835327,1049.496704,1009.902954,1019.471558,1120.703491,1005.930115,1019.647583,1028.707764,990.3734741,969.1705933,977.560791,1004.307983,1009.613342,1016.191833,1114.384277,1058.718506,1062.581665,1092.961182,1132.171021,1068.933716,1008.107605,1013.067627,1072.492432,1483.796265,1907.853149,1090.7771,1076.255127,1142.061279,991.6181641,959.2421875,1055.258667,980.6009521,1036.081665,1103.544189,1023.909973,1071.298096,1228.755737,997.0268555,0,851.9761963,722.3190918,901.2591553,834.9811401,883.6140747,848.4849854,829.5147095,911.552002,817.5319824,nan,916.5716553,815.2124634,827.7647705,825.5050049,821.8354492,836.0333252,834.038208,863.1574707,806.7536011,846.987793,809.4449463,828.5133667,843.4432983,778.9190674,778.9473877,720.1315918,767.3016357,713.6427612,619.7941895,751.5839844,789.2069092,828.5986328,838.3865967,1094.310059,1684.391113,837.6574097,836.5091553,979.8916016,684.0335693,748.0061035,774.6173706,744.1246338,654.5529175,810.8077393,674.1427002,785.8213501,967.6140137,826.3140259,0,912.1715088,829.7408447,952.1486816,896.8823242,912.4707031,913.7731323,897.2603149,995.1020508,898.7902222,nan,1000.289368,900.0081787,887.7959595,896.0988159,915.1657715,863.8098145,880.6119995,906.3867188,857.5005493,858.6560059,852.9381104,883.7352905,892.319458,901.3543091,870.314209,815.9932861,864.2908325,828.4567871,808.1140747,888.5344849,900.3624878,903.2344971,905.5095825,1212.698242,1648.492676,969.9591064,914.5531006,1015.060486,889.7832031,854.5856934,866.3373413,855.9243164,792.5546875,875.9482422,813.5111694,799.4876709,1166.226563,874.4766846
0,0.193129152,0.166443795,0.209852591,0.208862036,0.217833012,0.194268912,0.206747338,0.177691698,0.176087901,nan,0.174369514,0.165732861,0.180465102,0.237744853,0.251800656,0.15022774,0.186900795,0.207800195,0.218321919,0.194222644,0.184015751,0.18639718,0.188506752,0.143126652,0.129518792,0.172092766,0.160620794,0.148712605,0.159774676,0.155801311,0.171253592,0.158706293,0.178524077,0.18497628,0.174719423,0.160992756,0.19220838,0.188560426,0.167198509,0.174298555,0.176159739,0.153919786,0.159092158,0.146146879,0.16072683,0.164471984,0.097640805,0.191118225,0,1143.542969,1045.498047,1073.29248,1066.381348,1059.207153,1104.976074,1038.857788,1255.296753,1013.574219,nan,1037.795776,996.6242065,987.2393188,1023.000793,1041.622803,973.2406616,1049.770874,1001.499207,1018.109558,996.0661011,1021.570801,1025.535278,992.3027344,972.6152954,1044.36499,1012.934204,1036.940186,1056.702881,1111.950195,1094.994873,990.1968994,1027.986816,1022.775879,1905.429565,1449.122314,985.1113281,1012.929993,1103.453125,969.0982666,950.9606934,1070.956787,1005.464478,1094.440674,1131.320801,1068.541992,1072.246338,989.1343384,1018.518494,0,852.8647461,684.3453369,787.8110962,834.65271,834.3192749,912.368103,736.635376,955.7835693,774.8755493,nan,813.7311401,760.5319824,777.3358154,815.9378052,724.0350952,831.1922607,788.0070801,727.6181641,811.0428467,743.5189209,748.8397217,753.6411133,758.9058228,836.0309448,750.9710693,631.8231812,696.215332,665.7109375,602.4596558,602.8108521,741.7147217,773.3017578,786.7542725,1421.680908,895.4499512,658.3200684,752.1590576,843.3618164,617.4368896,644.010437,661.7947998,710.0426025,593.1453857,744.5184326,658.1953125,679.3151855,655.2883911,767.5889893,0,931.7926636,809.9309082,867.489502,890.1405029,892.5827637,946.1210327,841.0324097,1031.269043,862.8254395,nan,883.2089233,848.6047974,828.4912109,872.2425537,827.8085938,855.3401489,862.3220215,810.4042358,858.9726563,812.0946655,826.8837891,830.319519,823.9490967,886.2801514,848.4587402,765.7637939,818.3908081,788.8204956,760.8991089,820.3240356,833.0327148,840.4165649,859.4177856,1614.849243,1087.647095,772.4848633,833.0678711,934.4968872,729.0525513,739.6252441,825.3413696,796.6127319,768.6863403,866.3522339,776.8050537,795.6723022,760.6100464,845.8059082
0,0.166381299,0.156987041,0.184024483,0.185295239,0.180575877,0.165654331,0.17175588,0.157482177,0.141386539,nan,0.150149196,0.153314337,0.146998957,0.17056796,0.232248724,0.161089152,0.172994331,0.146207035,0.149174765,0.147529572,0.165434718,0.141374975,0.138791263,0.139787063,0.130705982,0.130409956,0.150701702,0.153683767,0.153724864,0.128851324,0.133291066,0.188938975,0.166653067,0.167283356,0.156612322,0.156484678,0.190378442,0.174146131,0.141946599,0.141943917,0.13479875,0.134885326,0.146395609,0.140125632,0.129753008,0.12356782,0.133898735,0.156191662,0,1134.777222,1090.332397,1127.527344,1100.628174,1102.163086,1085.348877,1137.26123,1191.761475,1022.209961,nan,1068.960449,1039.641846,1037.132324,1059.849731,1049.169922,1016.519531,1146.523926,1115.717285,1068.45105,1045.080688,1054.481079,1055.724854,1028.604736,1090.673584,1148.331787,1111.761475,1094.389893,1085.354736,1153.057617,1076.18457,1056.881104,1211.740601,1068.60022,1175.782715,1285.524902,1188.083252,1042.748047,1037.208496,970.3612671,978.4991455,993.4610596,1054.999268,1019.276123,1189.814331,1128.650024,1184.827271,1214.81897,1065.596191,0,918.2874146,871.1549072,895.2502441,882.8747559,915.7684326,849.9793701,943.3186035,937.0949707,779.4249878,nan,853.8062744,823.7353516,843.3364258,840.2714844,766.5001221,790.8098755,942.8533936,973.869812,889.1378174,851.918335,842.6166992,858.9732666,847.8984375,866.6108398,937.1155396,943.4099121,924.7731934,838.6760254,941.6901855,888.0980225,899.614624,919.883667,849.6508789,928.7233887,855.1700439,911.7542725,781.4371338,804.0596924,813.3536377,837.3040161,704.1185303,808.8432617,836.09729,1285.298584,990.2224121,911.7017822,1017.585449,850.5524902,0,977.7385864,933.8244629,960.8612061,944.262207,963.0232544,911.2159424,1001.494324,1022.272156,852.460083,nan,914.4810791,891.100769,897.1677246,889.3149414,862.0200195,861.3105469,1002.683838,998.2038574,944.1881714,913.4890137,902.3549194,911.8828735,899.1694336,936.5595703,1000.197876,1011.027527,975.8605957,923.4312744,1017.924866,956.4255371,958.3009644,1020.010986,910.9225464,969.3085938,917.4880371,982.8673706,883.8823242,874.8369751,873.1254272,889.4208984,789.0726318,873.5247192,922.6262817,1289.658325,1130.308838,1033.674072,1094.916382,916.1795044
0,0.172754154,0.152388796,0.178546339,0.194815844,0.18313624,0.159484103,0.174183086,0.153897271,0.109294243,nan,0.160487682,0.154902577,0.160494313,0.140852779,0.199427351,0.134221494,0.160283446,0.166304052,0.179824039,0.181167305,0.13635838,0.141979873,0.144755423,0.102024846,0.125101745,0.145165533,0.149003401,0.149410307,0.141881466,0.136467353,0.134415731,0.145853043,0.173471212,0.156066477,0.131778449,0.121729806,0.175826833,0.179393157,0.143708751,0.146676183,0.169294834,0.135882795,0.137367487,0.140729412,0.143627837,0.142395675,0.072068855,0.143927976,0,1124.372681,1086.477661,1209.875,1127.306274,1138.479736,1136.300049,1119.061401,1238.251221,1142.710938,nan,1077.397339,1074.668213,1036.114136,1098.083984,1099.727417,1011.975037,1075.624878,1059.775024,1056.204224,1053.372559,1030.778931,1036.397217,1045.050049,1029.721924,1128.992676,1113.468506,1095.824707,1103.218262,1120.330566,1090.113281,1030.184204,1017.595398,1088.112061,1450.024536,1908.50293,1189.411133,1093.983398,1105.115967,1060.221436,1001.496948,1073.092041,1035.541992,1047.27478,1147.679932,1059.479492,1044.530029,1111.436401,1009.281006,0,885.5405884,860.7164307,928.3770142,879.711792,876.4044189,888.3274536,876.0414429,1019.502075,848.2258301,nan,879.9422607,875.8427734,836.7615356,938.5760498,856.4709473,824.6887207,875.2668457,895.1843262,855.6287842,878.1618652,844.3642578,846.0078125,839.9563599,915.4645386,920.6333008,889.6010742,888.6071777,852.8518677,902.8745117,858.9024658,838.4835815,803.7172852,856.1376953,899.3642578,847.317627,896.7518311,834.8861084,794.4180908,833.4622803,816.5125732,828.0747681,837.9278564,853.6051025,1028.924316,891.8285522,858.2950439,936.5576172,815.1448975,0,950.7371826,933.428772,1010.072998,947.9335327,948.34375,959.2011108,956.3505249,1074.34436,942.982605,nan,944.8825684,939.6193237,897.7262573,982.5466309,926.3151855,882.3947754,933.7094727,945.9674683,916.6021118,922.1991577,895.0115356,899.9677124,900.522644,972.5392456,1018.722168,986.6031494,966.258667,945.5527344,989.7994385,948.9031372,905.8330078,867.684082,919.2501221,982.7737427,903.5424194,962.1332397,918.8136597,882.5666504,891.0786133,877.8292847,910.6228027,891.1586914,925.276001,1206.416504,977.2782593,940.3289185,994.7088623,873.664917
0,0.167764604,0.158304036,0.172002077,0.177525282,0.185922459,0.169863001,0.168818027,0.161871225,0.157382637,nan,0.139218718,0.160928681,0.140008241,0.137897685,0.271885574,0.180356473,0.137302876,0.155135468,0.147558704,0.143575966,0.14055258,0.131899312,0.135897413,0.111502141,0.151025563,0.126616538,0.156078383,0.143364519,0.14661479,0.124121808,0.136374056,0.131992236,0.202940017,0.165328011,0.164982647,0.129593641,0.168999836,0.185243964,0.154825509,0.140697449,0.147334218,0.140548036,0.123807624,0.134844378,0.142574131,0.143994838,0.100257382,0.142386228,0,1069.184204,1045.518555,1050.938599,1053.041748,1025.575195,1051.681396,1106.481689,1124.368774,1008.314331,nan,1018.723267,1024.757813,1010.172302,1005.808472,1119.481567,1032.228516,1080.134033,1215.234741,1064.769043,1061.503174,1003.984558,1016.227173,999.1470947,1001.014038,1132.769043,1127.234619,1077.387451,1052.900757,1069.200073,1065.31665,1020.589172,1088.871216,1140.692871,1314.931763,1866.604736,1159.244263,1066.187256,1205.407227,1068.44519,998.9262695,980.8341064,1004.324768,994.6699829,1137.449097,1054.633789,952.7254639,1166.210938,1012.371582,0,846.951416,839.6220703,820.8505249,824.3424683,843.1220093,834.09729,891.1850586,873.394043,817.4061279,nan,832.460022,830.901062,841.8425903,787.6636353,811.4810791,774.8018799,907.1828003,1055.650024,909.7696533,954.2793579,827.7258301,855.5689697,831.3016968,872.1766357,857.6326904,958.4978638,866.6035156,838.1896362,890.2744141,880.8382568,860.7370605,924.7086182,828.2895508,841.9057617,862.5794678,851.7670898,826.7315063,843.3202515,792.34198,793.2017822,783.4906006,784.4028931,834.5852051,881.4689331,837.2139893,806.338562,978.079834,828.1853027,0,914.5712891,901.0952148,895.4924927,889.9359741,898.8632813,889.6568604,970.5610352,952.809082,875.6339722,nan,894.7855225,890.4006348,890.696228,848.4713135,901.2097168,852.6052856,966.6802368,1106.382324,950.8034058,1004.37085,877.527832,905.1469727,878.9124146,924.3342285,949.208313,1051.634277,955.1937256,901.75177,968.0332642,960.760376,921.84198,983.9649048,937.7750244,946.6166382,990.2796021,919.1731567,895.0106201,940.9699097,865.5712891,855.9592896,828.689209,851.6063232,908.8481445,988.6789551,920.1448364,871.447998,1020.57074,884.6595459
0,0.227594644,0.183553427,0.199926123,0.223837987,0.238047108,0.220692918,0.216261372,0.245317489,0.160092831,nan,0.249390781,0.224369273,0.202046201,0.304886729,0.316309929,0.279817164,0.21388863,0.177136049,0.239994839,0.16009748,0.146833226,0.13879925,0.186804771,0.120904736,0.192289144,0.149777755,0.211267829,0.156676963,0.152906299,0.127258062,0.128744304,0.157612577,0.228787854,0.258116454,0.218419492,0.16046451,0.324751705,0.289620638,0.211381763,0.205952331,0.167202249,0.150280237,0.136345327,0.185950398,0.122245654,0.144434601,0.109433517,0.185193613,0,1217.584839,1103.380981,1148.493896,1155.923584,1105.451782,1158.733643,1179.642456,1363.772217,1074.633545,nan,1221,1152.112671,1083.5,1224.448853,1246.03125,1180.88501,1144.396484,1103.650391,1042.738037,1057.301392,1026.463379,1069.219971,1097.248291,1045.171387,1250.797729,1152.828857,1220.792969,1069.60376,1125.392212,1232.141357,1040.348633,1120.700195,1136.702026,1724.00708,2355.258301,1257.923706,1237.469727,1294.616821,1254.026733,1153.207397,1083.086304,1018.539551,1066.129517,1173.993652,1203.077026,1083.799927,1077.951172,1073.420044,0,962.5984497,860.9176025,1093.419189,1052.06958,974.8079834,922.458313,1007.289429,1001.285339,803.9379272,nan,872.0645752,876.3564453,848.2028809,805.3239136,810.7408447,814.4168701,1007.299438,944.098938,963.102356,928.8607178,797.0162354,886.4239502,867.8807373,983.4283447,922.0715332,1007.435791,860.9454346,793.7714844,893.5131226,925.8284912,879.864563,933.9490967,825.9733276,1166.067871,1043.915161,938.7081299,818.4425049,903.4171143,878.0310059,851.3601074,726.5360107,746.3505859,847.2189331,1010.578003,1037.690308,944.2631836,1004.065186,826.3792725,0,1037.411743,943.7585449,1097.56189,1036.036499,960.317749,976.6494141,1025.067261,1111.03833,976.8658447,nan,981.8760986,951.4157715,907.4405518,938.0587158,948.0578613,953.8256226,988.1404419,950.5153809,895.9224854,981.7791748,882.2785034,927.7901611,938.3222656,1051.545776,1039.470093,993.9177246,972.8445435,865.1009521,967.5067139,997.8567505,926.2875977,961.4599609,931.7244263,1410.98877,1437.766846,1065.016968,960.9511719,1028.881836,1061.963623,960.7902832,856.8818359,868.8635864,956.3145142,1032.867798,1085.243164,949.9453735,1089.019897,895.46698
0,0.174906328,0.167714685,0.165567607,0.193782076,0.18779847,0.161035284,0.177817881,0.156980604,0.132530451,nan,0.148618311,0.15568468,0.155596107,0.154586822,0.177087754,0.181421161,0.165711805,0.151326269,0.151880607,0.152575091,0.136884093,0.140866384,0.169679999,0.105343953,0.135087818,0.150818557,0.140036047,0.1527206,0.147690564,0.138227537,0.138974488,0.136421755,0.177899182,0.166063428,0.151364192,0.138105661,0.178194702,0.174295649,0.145267367,0.155363321,0.138301045,0.135490954,0.128864542,0.136564001,0.132005274,0.136346459,0.094482258,0.144324914,0,1128.061768,1088.634277,1130.558105,1096.484741,1062.194214,1094.12085,1083.01355,1222.370972,1085.661621,nan,1045.94043,1037.30249,1019.936829,1056.484863,1071.626953,1030.240967,1086.979248,1064.900635,1033.387207,1031.667725,1023.091919,1020.470703,1035.625732,1010.611084,1140.084717,1088.990479,1088.329102,1084.201538,1099.953247,1049.494385,998.8334351,1000.087463,1121.192139,1421.279419,1285.431519,1049.956299,1077.551758,1070.847168,1106.000366,999.0515137,1069.858276,1039.840576,1034.419434,1101.986938,1076.260498,1023.937622,1157.043457,1000.211914,0,866.9317017,850.2320557,849.4957886,818.473999,824.8178711,842.477478,844.3499756,968.9487305,876.1373291,nan,847.4038086,828.9307861,812.5628662,894.0483398,830.0871582,787.4440308,852.0601196,846.9847412,833.3704224,822.1739502,820.0358887,820.315979,802.0494385,866.7681274,921.6027832,830.4180908,903.036377,858.1663818,883.9464111,834.633606,807.3469238,834.0012817,863.6455078,1001.799805,875.7536011,817.6826172,842.6954346,830.168396,826.3795776,804.6906738,853.9660034,843.4060059,834.9375,863.0349121,872.0175781,820.3269653,1059.898193,807.8945923,0,946.482666,926.897644,932.3886719,902.7952881,903.7052612,904.56073,910.1065674,1047.201172,921.0203857,nan,907.5496216,894.9441528,876.7202148,937.9702148,911.6641846,868.0197754,906.1148071,911.2641602,895.7587891,885.0136108,874.2555542,874.767334,873.5776978,923.5847778,994.4910889,919.7949219,971.673584,930.4963379,963.4120483,906.9025879,869.0354614,877.9373169,946.1585693,1129.98938,936.8300781,887.9014282,920.7001953,903.5400391,926.0568848,865.6030884,918.1677246,907.9543457,900.4483643,943.6789551,927.1217041,878.9674072,1114.942261,862.4464722
0,0.146088183,0.190801844,0.147780776,0.164364129,0.17756325,0.172809124,0.127363414,0.135367945,0.174636126,nan,0.140998602,0.153950393,0.132808536,0.121194184,0.197426334,0.159049153,0.166414946,0.150371164,0.147933871,0.135405719,0.15188393,0.131702811,0.132265508,0.109492883,0.123283938,0.120876119,0.159375891,0.136027366,0.132167608,0.12107785,0.118349932,0.148113891,0.15340656,0.131756067,0.144269884,0.124862783,0.157720685,0.164888561,0.142490163,0.135060832,0.102592021,0.130932629,0.109067656,0.127949163,0.140889674,0.133488536,0.087919042,0.161505148,0,1128.658203,1069.562378,1092.952148,1088.132324,1067.178345,1083.008545,1136.911255,1169.747803,1059.890381,nan,1044.929077,1035.209839,1020.566528,1032.044434,1073.486816,1014.851868,1097.124023,1107.498413,1027.192627,1034.369263,1023.679443,1040.176636,1029.885254,1048.185791,1172.489014,1142.12561,1096.374634,1113.862793,1129.721558,1037.117432,1020.158936,1107.65686,1091.28772,1762.114258,1535.637329,1065.221558,1073.712158,1109.072876,1015.439575,971.5817871,1001.692871,1025.303589,1017.918457,1132.961914,1077.259644,1019.369019,1259.932129,1039.140991,0,930.68573,860.1569214,880.3734741,897.2617188,901.8654785,876.3018799,958.3319092,951.208252,821.3800049,nan,843.2554321,831.973877,832.5825806,865.6264648,818.1366577,805.4098511,897.0184937,945.185791,866.0457764,841.2376709,819.899292,845.4039917,854.076416,887.0165405,979.4326172,949.6708984,881.3901367,893.4528809,898.9367065,869.723877,867.9011841,864.6057129,877.5523071,883.3297119,802.1771851,849.8608398,842.7052002,785.4078369,801.6636963,782.809082,806.9014893,832.3077393,852.359436,890.5535278,912.0197754,865.2957764,1040.530396,817.850708,0,980.1123047,933.5703125,933.1785889,946.8275757,943.9006348,950.0378418,1004.676514,1013.976746,890.2587891,nan,904.7510986,898.3482666,889.0507202,917.0603027,910.1989746,886.0567627,944.3862305,971.3984375,902.5785522,886.0201416,880.6052246,897.3810425,905.7549438,940.9705811,1050.809082,1005.832214,974.7055664,967.7215576,990.7184448,940.0037231,927.5375977,916.1096802,954.060791,996.0907593,906.2039795,913.5643921,910.2543945,885.28125,881.4595337,850.4580078,848.2367554,946.7451172,954.7924805,997.7017822,967.2693481,885.4311523,1090.208008,882.3622437
0,0.159671485,0.149710059,0.168344602,0.171696082,0.169532001,0.142071024,0.155392021,0.148311883,0.109986611,nan,0.152102381,0.159493476,0.123590499,0.137969658,0.225854263,0.164622501,0.160259679,0.119554982,0.124998987,0.138013124,0.122873075,0.117950924,0.131091401,0.119559743,0.131117553,0.13084735,0.168750659,0.134637341,0.142174602,0.10841357,0.119116388,0.123695426,0.189710364,0.168874413,0.161527589,0.131413177,0.168860823,0.194719091,0.139976144,0.167466953,0.106170259,0.119092889,0.106060974,0.123066843,0.102463089,0.13304159,0.093421586,0.136621162,0,1183.860718,1059.515503,1151.298584,1110.746582,1045.17041,1082.712402,1152.595581,1275.107666,1087.657593,nan,1054.645508,1091.332153,1098.991821,1112.642456,1141.553467,1031.523682,1263.858643,1309.326782,1126.120728,1112.759277,1067.623291,1139.667847,1075.911499,1042.507935,1270.902344,1130.101563,1159.265625,1084.026855,1168.785034,1127.164795,1120.594116,1373.157471,1109.51416,1163.615967,1173.404541,1140.641357,1071.635742,1105.116211,1043.237793,1028.224243,1028.893799,1022.073914,971.0644531,1328.49292,1158.112549,1163.868774,1182.185547,1106.55603,0,987.7648315,883.0308228,1003.919983,943.0853271,923.5529785,880.5772095,968.7429199,1011.734863,885.8637695,nan,880.227417,889.0446777,923.1844482,908.9199219,858.9615479,834.6568604,1092.195801,1237.639404,1007.249451,1081.388916,943.7213135,1002.120667,910.2872314,729.9527588,952.3325806,927.2069092,849.0496216,838.5205078,941.9418945,967.694458,953.46698,1409.080811,859.2841187,852.2525024,832.7037354,888.807373,866.8865967,838.6166992,828.0773926,759.3778687,778.4329834,740.4633179,828.2855835,1269.67041,1025.405762,981.9819336,1110.073975,942.2580566,0,1048.977173,941.7723389,1046.800171,986.4643555,965.9625854,924.8171387,1024.627686,1108.705078,944.9161377,nan,938.7605591,945.4522095,962.7851563,941.6118164,941.2287598,889.2781372,1149.30603,1249.75293,1041.872314,1088.991211,973.2458496,1041.573608,956.2824097,821.2723999,1036.191162,985.4434814,946.7625732,914.7994385,1017.343994,1025.199341,1009.387756,1404.207397,924.4384155,956.6564941,907.6276245,964.8308105,946.7472534,924.993103,891.6331787,849.5598145,840.5740967,815.0830078,880.326416,1365.567017,1116.00647,1074.01001,1135.826172,997.5847778
0,0.162809446,0.152087897,0.156459108,0.161607459,0.148285106,0.170402884,0.157522708,0.159926727,0.162432224,nan,0.167784572,0.15085642,0.140267491,0.173546016,0.214889139,0.150298193,0.154398456,0.145783693,0.155320391,0.140707433,0.133512437,0.130172744,0.135874122,0.102427915,0.130550355,0.135204613,0.153714731,0.142588347,0.135693446,0.122327752,0.118624285,0.116295375,0.160775736,0.172296807,0.159359068,0.130088106,0.184077114,0.183462292,0.146778867,0.150284708,0.128222138,0.134117365,0.118073575,0.139902085,0.119870119,0.134872049,0.098201506,0.140256643,0,1130.473267,1133.398926,1124.664795,1098.783813,1123.349365,1137.526001,1120.463379,1174.031494,1101.974487,nan,1115.333374,1094.6875,1085.946289,1151.356445,1165.756836,1091.081665,1092.99353,1078.910156,1076.141846,1078.52832,1061.622559,1082.90979,1095.518555,1085.527588,1098.5896,1087.590088,1113.534546,1105.965088,1186.610107,1043.43042,1039.809814,1069.195557,1145.105225,1257.706543,1200.925781,1123.029053,1129.166138,1148.847778,1136.46167,1102.134644,1060.285522,1084.886475,1092.28186,1138.94165,1073.357666,1060.546753,1039.533813,1073.153076,0,875.4708862,760.8056641,865.4328003,853.956543,918.2247314,902.7091064,851.0400391,926.0791626,875.1222534,nan,863.3952637,872.6408691,865.7458496,898.5976563,883.2037964,934.9121704,870.708313,847.0200195,885.3244019,877.7081909,837.1102295,863.1722412,896.9810791,909.0739746,826.6723633,757.4812012,835.6333008,751.8092041,659.8192749,685.4475708,840.1118164,900.9545898,879.0061035,1191.449463,724.3035889,736.9632568,899.4060059,954.2591553,703.0675659,749.7908936,791.5967407,767.9786377,718.5235596,796.9915771,742.5424194,779.0405273,875.9970703,859.8580322,0,954.81427,880.510437,940.380188,921.991272,965.899292,956.4503784,936.425415,1004.635498,932.1282349,nan,954.1437378,946.4658813,929.8070679,979.833313,969.7460938,980.4125977,926.0921631,924.4592285,933.7573853,919.1906128,910.218811,927.6572876,963.4334717,922.0449219,914.8293457,866.2097778,928.1415405,879.8544312,855.3947754,907.97052,927.1923828,910.0004883,951.9304199,1178.64856,923.5234985,857.7883301,973.5040283,1005.598633,821.166626,873.3650513,882.2536011,880.8670044,861.6987305,919.9093018,867.328125,879.1616211,902.9827881,928.4312744
0,0.148055017,0.158601224,0.18296352,0.199129596,0.186869353,0.168775678,0.18955186,0.129852608,0.133719504,nan,0.134170413,0.14465791,0.14427714,0.167856187,0.227731735,0.126748696,0.16435653,0.161494166,0.159168839,0.158741996,0.152170226,0.130708158,0.132199526,0.106989644,0.117467187,0.141798809,0.151468083,0.132363364,0.13640523,0.122724421,0.122943841,0.159450859,0.158498332,0.145471439,0.15130505,0.137431741,0.152618796,0.147464857,0.145753175,0.137745619,0.119207539,0.119469427,0.106513336,0.122640558,0.10078387,0.164875999,0.088135764,0.152377203,0,1172.766479,1077.854492,1096.492432,1111.026978,1067.068848,1114.610352,1164.367188,1206.438354,1069.934326,nan,1054.78894,1031.746338,1014.852295,1038.800903,1067.812256,1011.309326,1174.35376,1179.646729,1248.866089,1073.071045,1078.201172,1068.695557,1035.726196,1078.235474,1185.216309,1109.666992,1160.588867,1110.336304,1192.651489,1041.750977,1027.061279,1129.147705,1072.791992,1731.032593,1488.208496,1171.119507,1021.095337,1089.61853,999.3415527,968.5802002,1019.009888,1068.694458,1080.556152,1138.703125,1053.050781,1074.903809,1175.083984,1028.436523,0,990.5223999,894.2336426,867.975708,908.8286133,904.4719238,937.7565918,972.1324463,1015.020996,834.7424316,nan,891.5272217,845.9594727,861.649292,872.6466064,807.395813,838.5775757,1003.011475,1074.42749,1048.500977,914.0943604,890.9588013,904.2081299,880.5284424,931.9671631,982.875061,923.6431885,925.9655762,876.5142822,928.7904053,864.3037109,867.4360962,930.4382935,853.1216431,1015.840271,849.2105713,882.0228271,834.677124,842.289856,813.8002319,773.6342773,753.5392456,820.9172974,890.0228882,1051.492188,1006.352051,924.1599121,1005.037476,832.22052,0,1048.928223,958.9393311,932.6752319,970.0755615,948.467041,975.039917,1037.882446,1101.746094,903.9932861,nan,938.067749,900.5078735,907.8215942,914.7228394,876.5529175,892.5184326,1058.664063,1105.469116,1110.802734,955.0784302,938.1886597,954.0217285,936.8466797,984.1831665,1064.583374,996.7592163,1002.841309,951.2824097,1013.89032,972.1381836,932.9403076,980.934082,914.6485596,1296.447388,938.210022,949.565918,891.3779907,916.4849243,877.9419556,841.8708496,859.2507324,878.680481,985.5656738,1332.600342,1066.614746,986.5342407,1059.514404,888.210144
0,0.166909978,0.153840169,0.169626027,0.171949327,0.211500555,0.190822244,0.17501013,0.154360294,0.155292183,nan,0.161580965,0.150356755,0.147700548,0.1784136,0.192528114,0.129143104,0.164298728,0.154376,0.172084242,0.160293758,0.140858933,0.138413414,0.137195513,0.109215677,0.115099154,0.1387593,0.130827665,0.140860289,0.139760956,0.128740638,0.124305412,0.144483238,0.156082064,0.168447614,0.143992305,0.133918852,0.156943411,0.157301545,0.143486768,0.140024588,0.146009475,0.123688743,0.122172251,0.131747797,0.123376526,0.131424993,0.071528293,0.151100367,0,1162.133911,1040.023804,1392.813599,1123.892578,1061.326904,1083.380737,1149.606323,1188.852051,1039.745361,nan,1067.330444,1026.731567,1001.622192,1052.756104,1037.487061,985.0900879,1163.294189,1361.521729,1091.182495,1051.269775,1036.40332,1088.179077,1017.206665,1055.994507,1073.145142,1295.509155,1013.39209,1157.567017,1270.344116,1057.721313,1082.792725,1183.160767,1039.473877,1278.973267,1241.480347,1347.508789,1041.238525,1036.932129,984.0187988,1013.59436,1016.768066,1030.811279,968.6939087,1064.03833,1036.471924,1078.762329,1381.91687,1018.334961,0,959.2191162,754.1593018,1421.63916,1002.437805,925.0513916,857.2548828,934.1040039,931.9876709,804.0108643,nan,859.4647217,818.9273682,827.5961914,817.8391113,791.7773438,777.4366455,1018.322021,1391.726563,917.2677002,897.7266846,820.6598511,880.255188,837.9143066,898.7958374,864.6722412,827.3544312,852.4324951,873.3060303,1019.355042,658.897583,738.8634033,863.487915,792.4949951,889.4455566,840.5557861,833.1044922,817.7210083,802.4395752,773.1810303,786.8008423,713.8164063,705.6403809,725.6650391,840.9163818,852.2235718,847.7197266,730.1246338,801.0509644,0,1008.48761,860.859375,1395.815796,1021.91626,949.9384766,921.0158081,1046.941895,1010.945679,873.4462891,nan,917.4443359,886.0732422,875.2793579,894.1062012,868.1589355,845.1953735,1071.642334,1406.47998,964.3475342,949.442688,896.1665039,939.7120972,881.8840942,981.5411377,972.9272461,1108.22876,902.1924438,988.6584473,1129.994263,949.7639771,944.0863647,1027.428833,873.7608643,970.9256592,929.2397461,982.4145508,884.4763794,879.1242676,851.2452393,903.8838501,843.7073975,823.338623,809.5087891,918.8169556,927.5471802,935.8646851,1259.93689,863.7932129
0,0.153612897,0.148659855,0.177907124,0.203398317,0.176166654,0.154556975,0.191099882,0.144779518,0.123466268,nan,0.129302174,0.143158793,0.141234219,0.140498132,0.184094876,0.141556323,0.158087403,0.17628628,0.169790819,0.161944941,0.171931684,0.133370623,0.132692292,0.101618111,0.119087614,0.13045232,0.153989106,0.133127317,0.146538541,0.129235685,0.12258321,0.145153135,0.170262173,0.160905734,0.157637537,0.135908768,0.134939805,0.169864595,0.127758116,0.141127959,0.135853022,0.138430819,0.147086382,0.122233622,0.115581363,0.164991766,0.098859146,0.13634707,0,1106.765137,1089.662598,1140.754883,1093.667847,1045.598022,1081.664307,1136.6604,1208.224854,1061.14917,nan,1064.762207,1050.235229,1053.018799,1052.543457,1070.828247,1041.726685,1217.852295,1292.429932,1052.205078,1095.824829,1033.07251,1150.923218,1045.332886,1120.240234,1145.491577,1200.401611,1090.04248,1060.445801,1134.349365,1149.344116,1153.645996,1137.354004,1084.768555,1094.616211,1172.293579,1114.036743,1010.868713,1053.878296,1067.486938,1029.70105,1020.206726,1032.491699,1145.911255,1313.347168,1301.514893,1161.619873,1292.00354,1050.857788,0,895.7237549,887.312561,916.7445068,886.1655273,861.9371948,846.017395,945.9920654,958.7246704,880.9525146,nan,889.1101685,872.8496704,880.9204102,889.7650146,816.0159302,810.3439941,1035.49585,1141.903564,877.0894165,937.4683838,828.5709839,1004.285522,868.7294312,960.0570068,954.4611816,960.243042,866.772644,870.3057861,910.2843018,931.1368408,982.7844238,992.9509277,876.8197021,837.0253906,810.0836182,894.4829102,834.0578613,861.3039551,859.3658447,817.6637573,813.9754639,829.182251,884.4390869,981.9550171,1046.245361,908.5009155,1098.158691,856.5009766,0,958.9606323,957.7128906,981.7172241,945.9263916,915.3520508,921.434021,1037.06665,1051.293945,906.1587524,nan,948.0705566,939.1549683,925.366272,933.4868774,895.0213623,870.072876,1093.640503,1180.098877,936.2284546,978.9382324,887.1800537,1047.879761,921.8149414,1007.516846,1022.87323,1047.459351,942.072998,932.802063,995.8761597,1017.978027,1044.858398,1064.705322,937.3603516,915.6760864,896.8411865,963.7633667,893.8208618,909.6570435,913.4367065,880.0466309,864.6528931,879.7258911,955.1434937,1086.389282,1146.318848,1022.830078,1140.770508,917.9474487
0,0.198702812,0.158692241,0.215110615,0.1988772,0.211010739,0.19758743,0.223545209,0.160028547,0.177143186,nan,0.15108563,0.154871657,0.149663895,0.185883522,0.261057168,0.154832751,0.195074618,0.204931989,0.165569425,0.152555749,0.166342318,0.160934746,0.155047506,0.125366345,0.134579659,0.19993034,0.137210518,0.183574349,0.162097245,0.136537194,0.150447533,0.192809224,0.184158191,0.181727573,0.173164666,0.144515887,0.214189902,0.212469622,0.167697847,0.155789167,0.147396952,0.146072015,0.133608341,0.139093697,0.133291587,0.134436533,0.129863605,0.209976584,0,1016.721497,1012.002625,1074.83252,1006.235596,998.2005005,1021.054443,1080.980591,1130.530518,1001.639221,nan,1006.704956,988.1147461,971.8529663,1001.868835,1056.01709,978.7420044,1084.417969,1134.573975,1016.821289,972.7666626,986.0140381,1027.428101,999.9728394,1003.879883,1029.531982,1086.276367,1009.602844,988.914917,1134.04895,1045.121216,1030.641357,1040.888306,983.0219727,1290.883789,1755.547119,1109.269409,1046.260864,1054.44751,998.5625,1016.876526,976.4604492,959.1375732,947.1710815,1088.116699,1008.689758,974.0424805,1029.674683,1041.265625,0,785.8474121,749.4443359,857.7528076,780.461792,800.4313965,770.9317627,795.7233887,905.8879395,784.4328613,nan,805.8903809,791.22052,816.0759277,798.6564941,760.8908691,779.7540283,858.7840576,843.6912231,820.4569092,810.4644775,801.6055908,813.4884033,803.3621216,880.4437256,879.2341309,754.5667114,800.461792,755.572876,763.130249,683.9890137,757.6474609,709.534668,749.6292725,872.9730225,783.7364502,801.104126,803.2283936,771.9151611,757.8890991,779.425293,664.1405029,693.4801025,709.8040771,1020.181152,781.9022217,846.5848389,670.6560669,751.6928711,0,841.9787598,785.3424072,871.015686,821.1317749,842.5227051,810.2902222,864.4660034,952.0282593,838.6025391,nan,864.8945923,844.3994141,848.319458,854.9660034,852.9178467,840.5385742,890.0998535,961.5593262,874.9985352,848.9194336,833.8620605,860.7910156,855.684082,846.6494141,896.5635986,794.9245605,831.9338379,777.4880371,797.3513794,777.6865234,863.1581421,810.1276245,804.4223633,1078.564209,1195.072144,857.0020142,885.0238037,888.7307129,826.8532715,877.9735107,808.0526733,798.3537598,831.4520264,909.7709351,829.2263794,794.227417,1080.893677,842.5267944
0,0.180383012,0.152181014,0.170354247,0.18991293,0.174700961,0.177583769,0.195138559,0.179027826,0.153534591,nan,0.187119901,0.170588851,0.15738216,0.241689339,0.253113717,0.214822263,0.162513256,0.149934515,0.181969717,0.169744655,0.143277094,0.136890873,0.146022409,0.114490457,0.143627986,0.150481582,0.152682558,0.134742618,0.141256273,0.120848984,0.119562864,0.186523497,0.198699608,0.181265876,0.152256265,0.144942313,0.218520284,0.22873731,0.17394425,0.157127082,0.137262553,0.130696625,0.108500287,0.135026962,0.119326994,0.140817568,0.123765208,0.167947069,0,1032.710083,1029.998047,1040.768799,1003.151306,990.4389648,1009.00531,1016.639465,1133.755859,976.2821655,nan,1042.060791,1052.072266,1002.900024,1094.994629,1131.966431,1033.705078,1019.545044,1015.567139,978.0700684,948.96875,957.2751465,987.6204834,997.6420288,978.3217163,1128.036865,1060.818481,1079.018799,991.3610229,1007.576904,1025.463989,986.6159668,1038.393311,1035.139038,1730.800049,1951.722412,1157.360107,1140.043335,1112.705322,1073.497314,1039.543701,1015.681274,1044.408325,1035.011963,1143.335327,1012.907471,997.3304443,1157.787964,1037.411255,0,812.7244873,859.0644531,867.4920654,801.8381348,847.0025635,769.4830933,798.6744385,863.3641357,1139.549316,nan,848.9180298,817.6842041,816.7747192,840.0591431,797.1428833,768.8865967,838.3869629,811.8428345,797.225769,792.1904297,766.3189697,812.6522217,822.1653442,818.2692871,936.2734375,901.7072754,859.7189941,804.2347412,819.5661621,819.8399048,832.2705078,791.4729614,799.5635986,1316.843994,1000.892334,872.8969727,866.9102173,806.2045898,800.289917,818.3100586,799.2490234,869.8736572,839.2872314,765.8400269,845.3549805,779.8113403,933.3093262,809.5558472,0,873.6437988,921.1922607,912.0750122,845.1312256,886.793457,833.0269775,847.2357178,947.5579224,1056.350708,nan,892.3272705,888.3950806,867.2618408,917.3134155,910.871582,862.2171021,872.4083252,878.505249,830.4138184,827.4230957,818.2150269,856.0169678,874.4095459,866.369751,1002.406372,958.2903442,936.4135742,874.8012695,891.2387085,887.0717773,878.8869629,855.4597168,877.6083984,1507.444214,1202.64856,957.0563965,956.6847534,897.4280396,886.2166748,904.7706299,878.4625854,936.7150879,915.1531982,913.7127075,918.7850952,827.8691406,963.2514038,872.0708008
0,0.15256004,0.164960817,0.152529001,0.174601063,0.175078273,0.158956438,0.148860395,0.146918178,0.159290269,nan,0.158013865,0.142914295,0.129193947,0.114535756,0.197529107,0.186371669,0.137917191,0.159474432,0.141588837,0.1581361,0.119368754,0.118834741,0.118367456,0.099646747,0.124089554,0.119717464,0.156233028,0.131850123,0.133640543,0.136585057,0.120010637,0.114254072,0.165392339,0.176107645,0.166939422,0.122050971,0.166275889,0.145874798,0.137527615,0.12305975,0.119101629,0.131846219,0.107432097,0.129040509,0.101115666,0.130439624,0.09345933,0.123849839,0,1106.783447,1070.355469,1171.094238,1068.994873,1021.658203,1028.55127,1094.823242,1151.535278,1031.249146,nan,1038.258545,1027.121216,984.3292847,996.1472168,1067.478516,994.8867188,1088.753174,1062.261108,1050.991333,999.1448364,1005.607056,1026.411621,1002.440918,1017.937256,1101.705688,1162.170776,1061.07251,1071.724365,1098.433228,1030.187134,1038.08252,1073.317383,1039.432495,1821.270386,1276.503052,1068.164673,1015.242859,1087.974854,1004.86676,993.2334595,1012.817871,1060.136841,1086.539063,1159.078613,1108.97876,1033.579346,918.8146973,1006.455078,0,907.4229736,923.1170654,1033.875977,909.4173584,816.5717773,882.6564331,949.6437378,875.0672607,1048.135376,nan,821.1328125,829.4425049,829.3967285,853.2194824,829.4520264,785.3745117,952.5582275,932.4500122,895.7236938,835.2929688,853.1937256,889.5611572,852.3189087,892.0456543,886.9666748,976.480957,890.0488892,887.1276855,898.9731445,882.5656738,869.9293823,971.1724243,844.010376,1268.335205,1092.890625,884.9841919,809.7227173,842.2861328,856.3737183,831.8164063,884.3118286,922.3077393,903.1452026,753.7354736,918.5980835,807.5322266,1167.071777,852.9173584,0,958.6511841,957.387146,1080.62854,942.7349854,876.7544556,939.2984619,995.1332397,958.7610474,1107.923462,nan,877.7419434,889.4226074,869.8361816,898.3710938,916.0510864,855.864624,986.5568237,977.9173584,908.4993286,883.4962769,898.6890259,913.5770264,889.0952148,895.8818359,969.0751953,1122.869019,949.9611206,950.9281006,977.0720215,862.5527954,913.378418,903.0133667,909.6450195,1381.228027,975.8428345,862.9680176,853.2322388,925.8869629,826.4700928,897.5318604,947.0343018,960.5463257,827.6646118,846.4431152,847.6965332,815.5014648,834.8306274,896.911438
0,0.197336704,0.187814146,0.202202469,0.195977211,0.190530792,0.209273815,0.199456915,0.176719934,0.185429007,nan,0.160162538,0.184287459,0.170160264,0.179354876,0.241961449,0.180643082,0.192926139,0.199577898,0.191285282,0.186280221,0.201472238,0.177125737,0.192002833,0.157738313,0.155239984,0.178302005,0.171821266,0.157884344,0.161129326,0.164556101,0.175189853,0.202489406,0.204568535,0.175715506,0.161261991,0.171170622,0.202536047,0.188688233,0.164122373,0.170130193,0.163207501,0.171530604,0.149877742,0.181981832,0.169550747,0.176660955,0.14184469,0.209372371,0,1151.694336,1165.450562,1324.80957,1155.286865,1288.321655,1371.433472,1254.658936,1240.626953,1320.359253,nan,1135.876709,1072.554565,1014.814941,1069.352295,1110.937988,1044.484497,1119.15979,1059.741211,1014.608398,982.5872803,991.8410645,1000.541077,1027.536743,933.2558594,1125.524658,971.2471313,1089.525879,1012.144043,1058.767578,1036.414673,998.4749756,1037.010498,1461.91626,1381.978516,1512.723877,1069.300537,1151.829346,1121.052979,1020.934326,1021.630371,1093.387451,1091.82251,1059.914063,1059.381104,1049.677612,1029.373535,1097.793945,1012.919434,0,859.8736572,910.1972046,1087.551514,1071.364136,1182.715698,1315.585571,1046.595947,928.3816528,1133.452148,nan,935.7113037,816.4053345,805.1104126,841.744751,808.4628296,865.6612549,954.4788818,903.538269,828.1737061,761.4310303,747.2098999,767.0700073,797.4176636,786.1791992,811.9060669,643.7595215,789.2089233,638.055542,621.1187134,782.7583008,799.9428101,697.3971558,991.5718994,1040.040771,1328.347412,850.7027588,871.4098511,887.5732422,748.5526733,745.5731201,867.9877319,840.6571045,873.3286133,751.9324341,747.8330078,741.3029175,745.1765747,737.5441895,0,931.6706543,848.7428589,1122.714111,1025.323242,1173.103149,1380.328491,979.8580322,1038.147095,1176.545898,nan,1015.846558,891.4492798,878.2084961,917.3981934,937.4934082,1018.011963,932.8083496,892.1448975,895.0163574,829.5241699,814.8820801,821.0830078,864.7682495,820.2771606,881.1763916,745.0542603,884.4901733,766.1916504,756.8163452,780.0130005,830.451355,804.6652832,1129.27417,1144.558838,1408.195313,799.6546021,960.3056641,1092.684814,768.9174805,784.914917,835.9428711,823.6339111,785.0029907,846.6576538,764.8568726,792.7380981,769.2907104,826.9276123
0,0.182926506,0.169130608,0.206957161,0.189121231,0.202450693,0.190470859,0.249330372,0.152435124,0.141356707,nan,0.153864801,0.155138701,0.153251216,0.164832637,0.241380602,0.14781177,0.213322476,0.229441196,0.194622368,0.180051476,0.18104127,0.191785485,0.155444264,0.107067928,0.127971381,0.229901806,0.159201533,0.161500067,0.149583861,0.143432543,0.198384479,0.136744946,0.174550474,0.167816773,0.144979715,0.130738333,0.177117884,0.168279544,0.142284632,0.157501519,0.141360134,0.142508805,0.144355208,0.121508107,0.124899521,0.137765944,0.113035738,0.162779644,0,1036.691162,985.9358521,1027.096924,1049.893311,964.0422363,1005.073792,1062.493408,1084.693726,951.395752,nan,967.6691284,959.3807373,968.4454346,1025.452393,989.8546143,954.2297363,1132.673096,1197.768555,1028.071777,1002.618042,1047.991211,1058.72229,970.9897461,1016.210693,1008.366699,1122.358276,1027.838867,988.4456787,1016.579956,979.9067993,1081.391968,1102.285645,991.8425293,1122.576172,1143.001465,1037.762085,999.3220825,986.6713867,933.0719604,941.8250732,970.632019,928.265625,924.0015259,1108.82251,1026.425903,1032.244507,1080.050293,989.4310303,0,807.6903076,797.7630005,790.1112061,836.6123657,767.9009399,748.2277832,785.2866211,841.90271,777.3080444,nan,761.8037109,771.9660645,787.6317139,852.8824463,753.3421631,775.7041016,865.5610352,877.0692139,808.9804077,768.1003418,798.293457,822.3181152,784.9835815,855.1427002,872.4375,823.3809204,832.7832642,763.4813232,823.4622192,798.859375,820.0214844,887.9260254,767.5001221,868.4907227,790.7600098,813.2258301,786.9365234,756.1052856,746.1425781,760.5107422,768.8682251,778.2504272,808.3312988,840.8255005,801.4824829,793.2318726,889.8218384,794.4058838,0,874.5039063,878.5963135,873.4661255,903.0402222,817.0967407,822.3259277,873.6427612,928.0626221,812.8811035,nan,834.4793091,836.4376831,837.387146,870.9846191,831.9477539,830.0825806,942.0230713,984.9998169,874.5431519,829.7677002,872.6235352,892.3081055,832.9989014,909.1259766,930.5626221,938.3062134,903.8085938,839.1271973,910.4336548,867.1984863,910.0463867,936.4474487,839.5214844,920.3204346,845.8521729,875.4230347,855.7571411,825.9048462,806.8500366,827.1065674,801.3831177,802.1274414,883.8432007,967.6878052,879.7683716,900.348938,941.260376,846.2168579
0,0.195477366,0.182932943,0.17091836,0.19176124,0.221474409,0.184184715,0.177141905,0.207507342,0.172817484,nan,0.235325873,0.193788543,0.169161618,0.249962151,0.254663795,0.249714598,0.177301213,0.141908914,0.135999143,0.171261489,0.146181881,0.140997455,0.160594702,0.117533535,0.169331253,0.133080676,0.186544642,0.155949175,0.154186428,0.130525306,0.128048554,0.159895718,0.204777762,0.218159616,0.194030315,0.149975926,0.294371247,0.214826822,0.182876512,0.187988088,0.142976522,0.136379227,0.133329958,0.165293306,0.120120093,0.148416772,0.087819606,0.170468524,0,1105.642334,1078.794189,1159.491943,1061.783203,1058.357178,1060.22876,1133.670654,1231.910278,1110.740479,nan,1157.628662,1099.88501,1064.296021,1154.339355,1167.338623,1193.505859,1157.016968,1267.290649,1066.267944,1030.780762,1039.181641,1070.965332,1067.917969,1099.229614,1122.504883,1427.394775,1116.135742,1075.575439,1073.383179,1002.438538,1022.764893,1167.938843,1091.282104,1412.215698,1201.065674,1105.158691,1184.928345,1143.635132,1096.877563,1068.813721,999.3894653,1041.515625,1044.283081,1245.609009,1183.218872,1024.135132,1472.648193,1119.265625,0,837.3753662,840.7606812,995.8187256,823.230835,844.0357666,893.6003418,1016.999023,916.1279297,836.5505981,nan,842.1539307,840.2191162,829.5887451,839.0554199,836.6950684,841.9719238,944.5404663,1340.706543,918.8843384,846.8417969,836.6549072,872.2999878,849.793457,919.8988037,882.9549561,1150.252319,867.5424194,854.1606445,849.6400146,837.8308105,864.4940186,1175.804321,804.4742432,881.0255737,822.6971436,857.6455688,833.3810425,847.7977295,843.8399658,821.4212646,812.0979614,855.7650146,842.7030029,892.2054443,990.3897705,845.7694092,1227.236938,875.9510498,0,915.9465942,940.5290527,1005.81665,885.0568237,901.3426514,969.8175659,1043.706299,1004.324158,966.442749,nan,939.5692749,918.9973145,899.9849854,941.994873,949.078125,960.9244995,1007.854797,1275.192749,966.0933838,886.050354,884.8917236,925.8722534,918.1776733,976.3237305,967.9429321,1274.493408,947.6712036,942.2216797,940.6046143,947.1582642,929.6602783,1098.099121,897.6803589,1006.626709,922.5539551,933.3429565,945.3450928,937.4553223,932.8349609,909.4140625,906.2532959,969.3861694,927.0652466,955.2088623,1098.491577,880.9910889,1313.797852,948.3823242
0,0.167834699,0.153296545,0.159910351,0.161206901,0.164510936,0.135684043,0.153805107,0.156108469,0.14146322,nan,0.161011502,0.159006581,0.128307149,0.129677311,0.272199333,0.149026811,0.143282712,0.14283368,0.135921434,0.135132968,0.122659869,0.122554615,0.122893542,0.086528212,0.167580202,0.129368529,0.174776033,0.149760202,0.135195434,0.118027471,0.127115637,0.124669328,0.168189943,0.152609885,0.151257396,0.138947725,0.183743894,0.180316359,0.13369897,0.136891171,0.135768861,0.121113382,0.111162722,0.142659754,0.125263125,0.144329667,0.078953117,0.122816406,0,1089.398438,1051.493408,1058.286133,1016.600586,1038.931274,1034.689819,1059.588989,1244.201294,1005.759888,nan,1054.914429,1018.943237,1003.867065,1016.99884,1088.078369,1004.143188,1067.525879,1044.312744,992.8319702,969.4087524,986.7191162,1002.17926,1020.594177,1065.626953,1164.088867,1066.591553,1069.231079,1039.161133,1055.339233,963.8876953,995.892395,1051.588501,1060.545288,1194.965576,1142.633667,1063.333374,1061.848633,1039.458618,985.7533569,991.5658569,974.5067139,987.6708374,998.1976318,1222.680786,1163.959717,1044.759766,1136.160522,1027.691895,0,889.803833,845.8182373,886.1801758,824.6687012,866.3126221,824.4624023,866.1887207,973.5184937,830.2814941,nan,851.9039307,823.6029053,851.9268188,839.0537109,786.4554443,800.1218872,912.7632446,895.8101807,835.6828003,828.3961182,850.8895264,847.8831177,863.9393311,939.7752686,912.3706055,946.6192627,822.7764282,808.9724121,845.9266357,815.9870605,831.2660522,911.4639893,832.9750977,896.8388062,769.395874,832.343811,816.4825439,787.1473999,788.3260498,801.9146729,761.9824219,800.7596436,851.1046143,987.4050293,910.1173096,874.6186523,1062.961182,863.0826416,0,953.7741089,920.154541,936.8733521,882.9955444,909.4686279,892.7785034,925.0863037,1069.360229,884.9836426,nan,912.1602783,883.967041,896.8314209,896.6147461,886.8914795,863.5640259,950.7047729,931.175293,877.4882813,869.9772949,885.7097168,895.7775879,909.2453613,975.9664307,998.4690552,1008.964417,905.2198486,882.4638062,902.6503296,877.616333,895.5465698,947.1402588,902.8276367,996.501709,858.2647705,896.4755859,891.6634521,860.5441284,848.6674805,858.3727417,822.6082764,858.3837891,908.1523438,1079.354004,963.5349121,914.9050903,1090.702759,910.3285522
0,0.188896716,0.158354461,0.231851012,0.20129326,0.223162875,0.213979036,0.230516762,0.157805592,0.137359634,nan,0.153820604,0.146846801,0.144190535,0.197666734,0.234617695,0.151365489,0.203766331,0.240829572,0.176129282,0.166510761,0.163521037,0.159368083,0.142496586,0.142041013,0.132927835,0.209923744,0.157567874,0.179118752,0.154077783,0.151685283,0.174859464,0.164280385,0.18491222,0.17129831,0.146451607,0.129668146,0.219634756,0.167545348,0.146283448,0.171019405,0.147534758,0.146446317,0.130314469,0.128581494,0.122799218,0.13808392,0.123961583,0.207001269,0,1033.608887,1036.341797,1066.665527,1058.773438,1022.146484,1029.929932,1086.700439,1191.526123,990.6433716,nan,1031.844604,1025.880371,1008.613525,1119.269043,1102.728027,1056.611328,1110.888672,1161.002686,1081.040039,1060.878662,1008.922241,1056.332764,1041.479492,979.3529663,1038.11377,1080.644531,1003.707397,1009.148071,1020.303406,1036.364624,1026.995361,998.4263916,1007.873474,1965.902344,1396.755615,1049.45166,1087.645996,1074.24707,1018.040771,1063.988159,937.7219238,1014.882385,1001.6203,1101.908447,1098.535645,990.2310791,1018.158325,1040.1427,0,803.3688965,807.2209473,802.4291992,830.7756348,796.4723511,767.6293335,879.8227539,909.7719116,882.9642334,nan,839.4088135,827.581665,845.7897949,854.0465698,799.0248413,807.6340332,903.1360474,877.1716919,910.1188965,887.6090698,813.7019043,845.612793,858.2137451,819.0827637,860.715271,822.7871094,798.7548218,751.880188,802.9541626,802.5187378,812.4641113,800.8099365,790.7331543,1555.615234,888.5718384,821.2198486,816.5726929,817.3015747,807.0479736,788.6633911,752.5714111,802.6359863,828.5040283,785.1313477,908.258667,735.1843262,999.2399902,761.6496582,0,864.8671875,862.321167,884.3266602,894.8018799,859.6520996,838.1105957,920.8515015,1011.997498,917.8724976,nan,891.7468872,879.5932617,887.6775513,922.9890137,898.8325806,905.5402832,958.9678955,962.9430542,935.1054688,951.0198364,864.1434326,896.1987305,905.315918,879.1976929,928.289978,916.852356,892.9310303,838.1708984,885.7785034,859.637207,885.821228,838.4975586,851.6114502,1719.692871,1113.172607,904.2288208,903.581604,901.0403442,873.3268433,910.7630005,807.640625,891.7131958,853.713562,874.3579102,894.3209229,767.1658325,1065.490845,841.7142334
0,0.173908889,0.162666038,0.16899474,0.189640507,0.195140004,0.149619341,0.16942966,0.161924899,0.128299206,nan,0.173401237,0.160148472,0.163006216,0.147749513,0.232076809,0.176225424,0.18723017,0.188020393,0.177192837,0.195716515,0.152046859,0.137371272,0.135460615,0.107307568,0.136068657,0.144924015,0.167901963,0.135595918,0.148021758,0.130846292,0.11550311,0.134950578,0.179931343,0.198345169,0.20630081,0.128016591,0.16811496,0.205771476,0.15477103,0.178154677,0.138738185,0.131429747,0.106366135,0.142140359,0.117136933,0.153691515,0.109632686,0.15241611,0,1153.150635,1066.036621,2192.336914,1205.75293,1075.064453,1132.965332,1357.983398,1326.431641,1125.29126,nan,1064.467529,1059.420776,1046.669067,1072.821533,1067.930908,1011.911865,1302.181152,2438.953857,1253.247559,1290.324463,1101.731689,1361.610229,1104.26001,1192.851929,1134.010132,1945.221313,1116.766113,1105.626343,1220.383301,1218.563232,1210.394775,1920.34314,1086.97998,1230.980957,1199.436035,1125.666016,1055.802979,1073.115356,1056.247803,1031.062866,1010.272461,1068.208496,1049.132935,1135.146118,1104.881348,1044.630493,1445.880981,1158.897949,0,976.5443726,829.9326172,2014.520752,1140.226074,927.350708,923.3209229,1224.945557,1021.734009,1008.84668,nan,881.7023315,850.4960938,915.8128662,872.7443848,811.1772461,759.6994019,1182.781372,2274.595459,1195.854858,1247.341919,949.5020752,1261.322632,950.0064697,992.7698975,879.5337524,2061.643799,901.0001221,860.1463623,1012.246887,1015.363159,1048.175781,1846.191895,821.8616943,891.2802734,771.0397949,925.692627,827.1702881,798.6759033,821.1396484,750.598999,610.4072876,690.7735596,732.3673096,924.8231812,961.6705322,903.986145,1255.778564,973.954895,0,1030.435059,912.3381958,2069.144043,1150.936768,964.4328003,952.3000488,1255.611206,1128.681641,1014.212524,nan,924.1676025,913.2629395,946.7142334,935.0142822,892.2318115,837.6448975,1185.208374,2241.981445,1188.380615,1284.765625,982.1064453,1292.490234,993.6849365,1104.134155,957.8652344,1939.749268,968.8526001,923.9230347,1064.479858,1085.268555,1101.987305,1701.642212,902.2235107,1009.470886,878.6619263,991.7949219,891.8295288,870.088562,892.4462891,840.4598389,758.0608521,807.4098511,826.4858398,1022.884644,1029.327148,977.1183472,1352.698975,1034.618652
0,0.207614303,0.175726876,0.189576045,0.186050534,0.244010687,0.178495318,0.22002387,0.243531436,0.198764861,nan,0.250310004,0.200016946,0.156562015,0.2997967,0.276415199,0.22017999,0.180287078,0.16200693,0.156291112,0.172736451,0.143138617,0.153283745,0.145588875,0.157574371,0.201911509,0.166497707,0.212072432,0.163802847,0.162799343,0.122874022,0.130656913,0.197602749,0.228302106,0.236914337,0.209122047,0.153682902,0.292903036,0.23638317,0.179457828,0.175778151,0.160495728,0.14514038,0.130219713,0.183227882,0.160252258,0.142277926,0.104798555,0.185397953,0,1093.446777,1080.105225,1068.201904,1025.200684,1043.197021,1091.331299,1064.43103,1301.731323,1061.196289,nan,1158.900635,1103.506104,1030.577759,1209.935059,1204.782227,1074.303955,1031.266968,999.6904297,1015.156555,1013.210449,984.276062,1004.922241,1024.269775,1042.011963,1196.732178,1016.130005,1150.191895,1042.854614,1151.902466,967.9525146,964.1089478,999.3729858,1141.136719,2144.225098,1296.061768,1129.340942,1185.962158,1204.099609,1101.327637,1081.746582,1099.268921,1061.754028,997.3101807,1140.12854,1060.66626,1033.424072,1202.154785,1034.895386,0,798.6143188,729.5489502,786.9193115,803.4040527,838.5448608,845.2440186,800.0120239,901.7415771,863.3238525,nan,846.8806152,822.3878784,832.7475586,812.6324463,823.3839111,841.5675049,811.0456543,778.3653564,819.9012451,830.0174561,798.657959,778.9760742,833.5703125,803.2479858,780.5844727,685.5403442,794.6708374,660.0924072,622.4393921,729.0889893,796.2651978,715.0880127,852.4370117,1613.452881,693.7469482,842.4939575,850.7114868,913.8912354,727.9755249,845.3548584,801.0995483,802.7052002,656.741272,750.4760132,648.916687,748.5117798,874.2192383,812.5854492,0,884.9941406,823.4365234,867.9660034,864.7848511,874.7548828,876.9067383,871.302124,1036.870483,912.2193604,nan,929.1381226,912.831604,889.9085693,946.5308228,942.6344604,910.2024536,863.0872803,838.6945801,872.0608521,876.6888428,848.204834,840.3787231,895.9042969,863.9848022,886.5263062,796.6238403,900.2122803,802.1022339,797.5741577,850.2313843,851.5927124,845.2719116,928.574707,1824.976074,917.0072021,928.1017456,951.4294434,991.2241211,870.4274902,952.9143066,830.1179199,864.7211304,810.1751099,873.762146,831.0870361,829.378418,1144.619873,874.416626
0,0.170439065,0.153198421,0.1679295,0.16934441,0.15304701,0.146332785,0.172326565,0.163048565,0.148967892,nan,0.138824373,0.171930134,0.137652725,0.152885124,0.241284579,0.177551657,0.165848583,0.141901165,0.141608864,0.131677613,0.125962302,0.125872031,0.133621246,0.110663697,0.141599029,0.140594155,0.17474106,0.147903472,0.145796984,0.117011569,0.121175595,0.137009144,0.196364075,0.181747094,0.184472814,0.135674983,0.181359589,0.195012167,0.15511924,0.147191778,0.116864942,0.131502777,0.115668148,0.138538986,0.115072556,0.125685155,0.072396055,0.120772511,0,1097.720215,1031.470947,1062.138062,1045.040771,1048.046631,1051.403931,1055.775635,1434.807007,1016.884766,nan,1039.258545,1033.045532,996.6676025,1032.949463,1129.166748,1041.094604,1019.010376,1010.524048,987.5928345,975.2455444,960.7006226,1004.598999,999.0755005,1010.884644,1099.066284,1076.190308,1097.80188,1042.261475,1031.812866,959.1097412,980.2974243,1101.006104,1067.809814,2235.16748,1915.702637,1124.601563,1191.746704,1247.348633,1141.591309,1036.075928,957.2051392,974.3479004,949.0848999,1394.172363,1065.925537,978.161499,1055.142578,1060.996582,0,890.5828247,826.9768677,859.7495117,859.1339111,870.9284668,864.3084106,852.1644287,1085.811035,843.0085449,nan,838.7054443,808.9168701,813.2727051,826.7738037,820.0044556,788.723877,803.4785156,862.4470215,804.7327881,809.5229492,805.0714111,843.1420898,830.3112793,827.7952881,884.6289063,897.6564941,856.0516357,801.1263428,837.2645874,801.6231689,837.3579712,969.260376,830.3834229,1667.391113,892.638916,818.2432861,900.6374512,885.9523926,794.2543335,798.2006836,781.5856934,803.8868408,797.9686279,888.6668701,888.5449829,802.8254395,1235.954224,919.7559814,0,954.3901978,894.8812866,921.0476685,912.3549805,925.3919678,908.8685303,919.3275757,1202.102417,901.1859741,nan,905.6796265,882.2402344,870.645813,883.600647,910.7493896,860.0785522,867.9458008,907.2505493,861.7849731,855.4752808,848.9506226,891.0471802,876.6799927,887.8145752,962.8720703,961.8898315,934.1829834,875.6322021,911.8804321,857.2988281,890.0684204,1035.197144,906.3600464,1861.768555,1065.712891,887.5297852,979.6079102,980.543335,866.6591797,866.7147217,817.3158569,855.7288818,846.958313,1031.119385,957.7468872,858.9165039,1210.619019,965.2714233
0,0.176788539,0.150892675,0.169139683,0.154136911,0.207442001,0.150345251,0.149398774,0.162781298,0.204428583,nan,nan,0.170281529,0.15974021,0.167755574,0.17425245,0.178835019,0.154755861,0.161984026,0.155746505,0.147824496,0.160034835,0.170880154,0.156429246,0.160233214,0.137601927,0.164832085,0.157384351,0.148768723,0.145008594,0.16263327,0.170696661,0.18336159,0.164349467,0.154789269,0.155850142,0.140677691,0.17277135,0.198969454,0.149817109,0.168122083,0.156126082,0.154157802,0.173603222,0.183606356,0.160406142,0.153999865,0.114882305,0.170769289,0,1132.942505,1078.158447,1113.352051,1125.800293,1247.080566,1375.012085,1061.68042,1155.510986,1094.187744,nan,1158.883545,1036.696533,1099.220703,1453.407227,1069.72168,1109.102783,1056.731567,1060.990601,946.791748,1041.489502,1019.999329,1016.280518,1028.772705,965.6478271,1084.159912,1071.758301,1083.602905,1082.059692,1203.376709,1090.308228,1026.962769,1009.398315,1109.842041,1521.134521,1303.159912,1071.880615,1119.02478,1115.861938,1089.896484,1051.134888,1063.380859,1106.93811,1052.423218,1120.02356,1015.081116,1026.30835,1008.018188,1015.642883,0,860.0130615,855.9949951,908.1582031,907.1295166,902.5662842,1095.592041,904.8442383,896.725708,863.8746338,nan,797.7929077,838.8344116,810.1311646,1110.644653,838.2429199,868.7058105,834.0320435,852.7077637,788.8710938,859.4987183,810.1346436,779.6326904,808.6334229,814.1445313,898.222168,887.7052002,861.6470947,850.1157227,921.4013672,787.8658447,788.2827148,767.4727783,866.5392456,1162.74646,1033.161255,786.0595703,838.6187744,807.5548096,803.3927002,757.6411133,762.9793701,875.0539551,818.8646851,814.776123,796.8603516,755.1713867,790.5263062,800.8102417,0,937.4851074,894.170166,932.5168457,986.8657227,906.3852539,1280.476563,888.9031372,978.7998047,944.0704956,nan,895.864563,914.9008789,888.5698242,1250.226685,914.3498535,930.4188232,902.8031616,883.5419922,874.1398926,925.3515625,872.946167,856.15625,879.637146,877.6120605,888.2492676,835.8948364,889.4414673,865.3203125,876.3511353,863.310791,864.6757813,849.0455322,927.3287354,1248.401489,1071.720215,855.6932373,930.010376,907.5108643,889.1968994,832.9135742,863.9349365,915.0631714,890.6954956,910.8115234,878.1057129,856.8959961,854.5140991,872.255188
0,0.192456812,0.164971784,0.216775581,0.218376949,0.243066147,0.186996937,0.23532936,0.169294059,0.138078153,nan,0.176079303,0.172964275,0.126545429,0.18911466,0.220225006,0.156965554,0.208783463,0.204811811,0.190027922,0.18113941,0.187622622,0.162430972,0.1387306,0.112538189,0.140630454,0.214648396,0.154597893,0.16735734,0.146295339,0.145033747,0.189102665,0.157247409,0.188038468,0.190225229,0.164647505,0.142359182,0.155315265,0.163069755,0.143039271,0.135611504,0.128329068,0.13870059,0.131982118,0.13105242,0.13958025,0.170762554,0.13878414,0.157925829,0,1053.013428,1001.716187,1032.434326,1030.079102,1007.924133,1041.517334,1084.928345,1260.184814,1099.368408,nan,978.2150269,994.3188477,994.1464844,941.5593262,1060.034668,1028.336914,1089.468018,1175.039673,1008.790894,989.4033203,999.1760864,1086.366211,1012.803162,1140.348633,1072.885742,1159.912842,1027.859619,995.6611328,1024.13501,1184.001221,1112.576416,1097.393188,1067.264404,1550.667358,1489.76001,1216.938232,1033.529175,1043.846436,1141.311523,1030.128174,996.1417236,988.9168701,1072.140869,1140.186035,1017.785461,973.8738403,1187.797363,1081.432007,0,811.0854492,793.8085938,797.15271,779.6499023,815.0511475,772.9187012,847.9307861,975.1142578,860.0670166,nan,775.9854736,768.4367065,847.1607666,718.7999268,766.2926636,811.3394775,846.4950562,938.0001831,839.0183105,783.4066162,768.293457,897.3634033,834.1049805,968.5513916,856.6716309,824.4889526,816.3896484,754.8909912,812.7890015,862.3617554,869.8473511,891.2255249,808.0744629,1031.702026,768.5227051,885.7095947,796.6131592,779.9355469,825.2833252,834.8504639,847.4330444,790.942688,873.6647949,879.7855225,839.0788574,729.6966553,993.494873,904.2789307,0,879.3103027,857.0540161,868.6760254,843.9702148,867.406311,850.7900391,928.8981934,1073.407593,845.1629639,nan,840.1878662,836.5332031,887.9207153,790.2709961,863.274292,895.5849609,916.1437378,983.3986816,872.5342407,853.3648071,836.1044922,944.7327271,884.9883423,1027.162231,942.8765259,977.1876831,889.2945557,831.3560181,897.8192139,940.1135254,962.9005737,953.99646,890.9123535,1211.10791,874.2302246,950.4197388,885.0278931,848.1073608,908.7590332,902.1473389,902.958252,866.5059814,965.5230713,982.9689941,896.225708,807.4221191,1062.990234,961.8256226
0,0.16901505,0.158760682,0.167282432,0.168531343,0.147085488,0.155768111,0.16555573,0.142485276,0.141652822,nan,0.169847935,0.1608302,0.138261318,0.126246274,0.171546504,0.168810278,0.148684919,0.141844004,0.136231676,0.142867744,0.12357422,0.127356172,0.128362328,0.108749762,0.160211265,0.133569956,0.170281559,0.160035595,0.134912938,0.126897693,0.120634541,0.12401253,0.165553749,0.126501918,0.156413078,0.127526596,0.143763795,0.150154933,0.134771153,0.139822379,0.129279315,0.125194848,0.113681331,0.136428684,0.114106864,0.13469401,0.065868191,0.12813583,0,1110.392334,1075.107422,1101.651001,1064.860352,1059.927734,1091.918823,1114.723755,1140.590576,1034.318604,nan,1067.040894,1092.893066,1071.908691,1116.085327,1097.808838,1048.288086,1079.311768,1076.098877,1047.904785,1018.782837,1031.254028,1048.220703,1066.330078,982.3995361,1198.952759,1053.427612,1129.338745,1084.461914,1110.132813,1061.37207,1029.334229,1036.023438,1152.054321,2068.064453,1924.262817,1155.089966,1086.024658,1117.433838,1085.629883,1094.851074,1129.0271,1035.79541,1097.521851,1176.345825,1130.044678,1085.991333,1070.138184,1051.419312,0,894.6113281,892.3323364,836.2408447,865.5366211,872.5791626,853.0535889,924.0880127,894.9371948,948.2460938,nan,847.6644287,864.7004395,914.2004395,971.4159546,851.190918,817.5855713,889.5946045,904.1651611,859.7440186,859.111084,873.8364868,880.7213135,915.1275635,887.857605,959.4091797,886.5303955,910.5844116,858.213562,913.5019531,868.8833008,862.8789063,958.8825684,934.7872314,1245.582153,1026.869141,917.7319336,881.0948486,938.9002686,859.5452881,864.1444092,887.3618164,900.9787598,896.9370117,851.3577271,922.7210693,865.1014404,1071.903076,892.8399048,0,954.9831543,959.9975586,907.6599121,921.0018921,916.6307373,910.0211182,993.8843994,977.34375,873.9631348,nan,919.0906372,930.4525146,965.4597778,1021.24585,921.8850098,898.052063,944.4048462,949.2261353,921.4641724,894.5527344,917.1901245,931.0250244,961.6547852,945.1494141,1057.676147,958.8659058,1001.209595,952.7459106,983.5904541,948.9693604,914.145874,1010.623352,1006.263,1646.477051,1125.299561,990.3573608,949.5076294,999.8781128,955.5585938,973.3808594,939.6448364,908.781311,967.4545898,1228.496826,1044.945435,925.5411377,1117.087646,942.1853638
0,0.151201501,0.23587136,0.144606873,0.121159621,0.158165336,0.140562028,0.131406039,0.145049036,0.140822724,nan,0.102883965,0.140369236,0.128074437,nan,0.115954854,0.190997839,0.122694582,nan,0.114726052,0.12258856,0.121804923,0.130793616,0.141736761,0.112178229,0.116574332,nan,0.119614691,0.131325036,0.131422147,0.130895764,0.142520458,0.135400027,0.19781898,0.197174489,0.182128862,0.223969892,nan,0.181925625,0.226977184,0.239742801,0.223794803,0.180234373,0.185742632,0.201772124,0.123096898,0.200779185,0.094366141,0.137723655,0,1109.815063,1098.736328,1554.296753,1147.984131,1085.685791,1106.694214,1122.386475,1152.720825,1114.118408,nan,1106.867432,1065.985962,1030.757446,nan,nan,1251.151367,1308.903076,nan,1790.093384,1059.043579,1051.207031,1066.058594,1040.165527,1020.619873,1136.861328,nan,1070.709595,1096.932861,1249.776611,1294.319824,1072.676025,1163.064209,1279.345459,1109.463989,2066.473633,1056.348755,nan,1299.818237,1032.06958,990.1750488,1070.51416,1071.455811,1010.391418,1096.027588,1088.248779,1020.229553,1078.296875,1044.782959,0,885.6223145,802.0195923,978.6070557,993.9237061,887.1828613,899.9812012,950.4047852,1092.898926,1102.94104,nan,nan,876.5272217,857.7661743,nan,972.3608398,852.8358154,1061.096436,nan,995.9206543,973.9445801,902.2642822,874.342041,841.0482178,856.9395752,939.4923706,nan,878.5460205,880.2084961,889.6925659,1043.850586,868.3527832,1050.562012,851.8569336,974.0479736,1092.833984,838.6420898,nan,977.4700928,747.4348755,784.2658691,717.5444336,788.6846924,825.1620483,827.9780273,774.4263306,789.6639404,815.7791748,842.744751,0,946.3533325,868.7477417,1507.936401,1072.280762,948.0842285,947.8064575,1008.907715,1082.605957,1033.907837,nan,1064.477661,918.2695313,906.2650146,nan,1188.012695,1046.491211,1213.254028,nan,1404.612671,1095.068848,934.0534668,922.5418091,895.4858398,916.201416,1010.495972,nan,937.3341675,971.928772,1071.825317,1148.713501,928.1662598,1051.22937,975.0439453,981.9260864,1559.112305,839.3618774,nan,1128.489502,804.2929688,800.4760742,829.3220215,860.0910034,864.2165527,908.5462646,836.4459229,824.4772339,941.0527954,903.6057739
0,0.153257206,0.189354971,0.126827642,0.131687209,0.146212697,0.133926228,0.131489336,nan,nan,nan,nan,nan,0.180270523,nan,nan,nan,0.137804717,0.108473182,0.142352551,0.138902724,0.14363113,0.155566275,0.25796026,0.385727346,nan,0.129410893,nan,0.17767933,0.224513993,0.275568843,0.183692873,0.178281441,nan,nan,nan,0.386601806,nan,nan,0.208413199,nan,0.140371248,0.19456248,0.233139366,0.344233423,0.359982073,0.178410336,0.305640876,0.167159304,0,979.772644,1055.670288,1118.839478,1022.897461,1117.860474,1173.829346,1048.225098,nan,nan,nan,nan,nan,997.5961914,nan,nan,nan,1021.964722,1013.717407,1047.453369,1041.367065,995.7520752,987.15625,nan,1007.375305,nan,1190.894043,nan,1027.723511,1182.841675,1113.097168,1006.54895,991.2629395,nan,nan,nan,1115.770508,nan,nan,nan,nan,1385.52832,1042.66272,1006.753784,nan,1121.044189,1047.762939,1308.711548,1004.743652,0,776.4638062,801.2832642,906.0339355,837.7676392,912.7429199,912.2857056,870.7746582,nan,nan,nan,nan,nan,897.6616211,nan,nan,nan,828.7357788,844.440918,865.9034424,845.0935059,825.7730713,788.001709,nan,707.5496826,nan,944.0803223,nan,804.6329956,864.241394,788.5805664,764.1049805,755.9719238,nan,nan,nan,563.0617676,nan,nan,712.388916,534.180481,1071.304688,779.9805908,723.0012207,nan,715.2166748,789.704895,1083.799072,772.3451538,0,841.6304932,887.2314453,949.6672974,886.0185547,1033.048218,1035.323242,895.2138672,nan,nan,nan,nan,nan,835.7675171,nan,nan,nan,886.0786133,926.065979,904.7331543,899.5912476,864.7029419,848.2720947,nan,750.5030518,nan,1198.753174,nan,868.6154785,979.6160278,901.8603516,843.5921021,832.2553101,nan,nan,nan,597.4017944,nan,nan,nan,nan,922.3781738,874.1176758,823.3412476,nan,826.487793,876.769104,1028.09375,882.7000732
0,0.161350489,0.183556348,0.144979239,0.137313992,0.167380914,0.159316406,0.148603112,0.160421014,0.14770633,nan,nan,0.152187467,0.155447081,nan,nan,0.19368659,0.156083852,nan,0.161121011,0.172668681,0.159117579,0.16226168,0.172736615,0.141233444,0.166482881,nan,0.1365536,0.156797245,0.153774768,0.162182778,0.176553458,0.160811841,0.194287628,nan,0.165802911,0.226898521,nan,0.360957384,0.204309583,0.216554001,0.201327667,0.24350068,0.188988581,0.164568752,0.15300478,0.159065902,0.144446075,0.157211661,0,1168.014771,1100.564575,1193.157715,1511.156006,1103.513062,1141.183594,1211.033447,1345.814087,1394.396729,nan,nan,1076.125,1046.606323,nan,nan,1459.049683,1129.407227,nan,1137.916138,1074.472412,1056.967651,1079.514404,1069.391479,1006.671875,1564.768921,nan,1113.127319,1126.680908,1187.511108,1309.1875,1122.498169,1514.594971,1203.722778,nan,2939.55127,1015.571472,nan,1669.740601,942.2181396,923.3690186,1081.629517,1085.226929,1027.969971,1085.209351,1040.485474,1041.734253,1186.507568,1038.770752,0,932.5506592,810.6016846,1284.959473,1327.038696,913.9279785,913.2099609,940.2439575,1348.380493,1444.855957,nan,nan,849.4467773,845.911377,nan,nan,1124.469971,942.0788574,nan,972.510498,974.9130249,836.6290283,867.3688965,831.9902954,799.9625244,1017.095276,nan,942.9276123,887.0720215,932.2324219,1002.383789,840.1121826,1068.418945,924.6498413,nan,1442.875244,696.6224365,nan,1025.696045,672.2684937,726.3320313,689.7077026,790.5126953,858.1381836,823.1862793,665.2669067,769.9447632,780.1383667,824.0005493,0,1010.804688,898.0705566,1080.251099,1594.602783,973.3709106,1012.459778,1044.067505,1315.319214,1716.103394,nan,nan,905.7860107,912.7843628,nan,nan,1190.070557,961.546936,nan,932.7487793,956.4430542,902.5327148,938.5444336,900.7695313,871.7053223,1095.85437,nan,988.232605,950.9143066,1004.429382,1170.920654,894.1695557,1229.46814,1023.327881,nan,2003.882568,793.0461426,nan,1438.799927,767.6152954,799.3364258,831.0477905,869.6653442,911.2384033,904.5761719,794.4306641,840.5780029,948.0175171,890.5317383
0,0.13021335,0.181053489,0.119831972,0.109873183,0.138689041,0.120705433,0.123987243,0.134476662,0.125698701,nan,nan,0.197291747,0.132755041,nan,nan,0.163159519,0.124071717,0.096048512,0.14589496,0.129987493,0.133719951,0.128809959,0.139206573,0.230601013,0.097801745,0.152189821,0.120858312,0.114353091,0.113551959,0.124019995,0.14037092,0.123079151,0.194369882,nan,0.29992187,0.360135734,nan,nan,0.195917845,0.249239326,0.148220614,0.155447751,0.170634687,0.142076075,0.258826137,0.214602008,0.167346671,0.156086355,0,1053.980591,1083.770386,1461.832397,1287.899048,1096.918091,1098.638184,1118.621582,1095.768433,1084.345093,nan,nan,1050.860107,1003.618286,nan,nan,1294.463135,1065.323242,nan,1274.947632,1012.143555,953.7191772,1003,1026.546997,998.9415894,1669.740967,nan,2096.084961,1102.360107,1089.990601,1104.483398,1046.218018,1165.193604,1387.515259,nan,1629.218994,1032.433838,nan,nan,1013.205688,961.5649414,1033.287354,1025.154297,963.2236328,1044.087769,1023.763428,983.8477783,940.2897949,1061.673706,0,856.5865479,806.4782715,1269.251465,1151.584229,883.5275879,899.0511475,958.1615601,764.9632568,999.9735107,nan,nan,754.1713867,812.3701172,nan,nan,1025.551025,858.3155518,nan,995.6275635,884.5113525,796.0721436,831.3955688,852.7401123,754.7714844,1398.300903,nan,1578.993164,930.2921143,1068.705811,916.1182861,818.5998535,844.1187134,1096.057617,nan,1174.248535,653.0723877,nan,nan,689.7717896,653.6928101,817.0471802,779.4869385,740.5185547,901.1408691,753.131958,721.8046875,862.420166,836.7028198,0,906.7028198,877.8380127,1029.054443,1194.194336,920.3037109,1041.286987,1016.085144,939.8919067,971.1211548,nan,nan,847.2614746,853.4088135,nan,nan,1102.876953,948.838562,nan,973.8501587,943.43573,826.515625,876.4309692,892.5803223,831.7063599,1487.867554,nan,1787.958618,1012.336914,1070.704956,929.5999756,857.918335,858.8371582,1130.728638,nan,1062.338013,796.5605469,nan,nan,825.6500854,750.1607666,855.7162476,870.2860718,797.6535034,893.8052979,835.1866455,831.1772461,1058.138428,919.4949951